<?xml version="1.0" encoding="UTF-8" standalone="yes"?>
<instance>
    <info>
        <dataset>Christofides et al. 1979</dataset>
        <name>CMT09</name>
    </info>
    <network>
        <nodes>
            <node id="1" type="1">
                <cx>37.0</cx>
                <cy>52.0</cy>
            </node>
            <node id="2" type="1">
                <cx>49.0</cx>
                <cy>49.0</cy>
            </node>
            <node id="3" type="1">
                <cx>52.0</cx>
                <cy>64.0</cy>
            </node>
            <node id="4" type="1">
                <cx>20.0</cx>
                <cy>26.0</cy>
            </node>
            <node id="5" type="1">
                <cx>40.0</cx>
                <cy>30.0</cy>
            </node>
            <node id="6" type="1">
                <cx>21.0</cx>
                <cy>47.0</cy>
            </node>
            <node id="7" type="1">
                <cx>17.0</cx>
                <cy>63.0</cy>
            </node>
            <node id="8" type="1">
                <cx>31.0</cx>
                <cy>62.0</cy>
            </node>
            <node id="9" type="1">
                <cx>52.0</cx>
                <cy>33.0</cy>
            </node>
            <node id="10" type="1">
                <cx>51.0</cx>
                <cy>21.0</cy>
            </node>
            <node id="11" type="1">
                <cx>42.0</cx>
                <cy>41.0</cy>
            </node>
            <node id="12" type="1">
                <cx>31.0</cx>
                <cy>32.0</cy>
            </node>
            <node id="13" type="1">
                <cx>5.0</cx>
                <cy>25.0</cy>
            </node>
            <node id="14" type="1">
                <cx>12.0</cx>
                <cy>42.0</cy>
            </node>
            <node id="15" type="1">
                <cx>36.0</cx>
                <cy>16.0</cy>
            </node>
            <node id="16" type="1">
                <cx>52.0</cx>
                <cy>41.0</cy>
            </node>
            <node id="17" type="1">
                <cx>27.0</cx>
                <cy>23.0</cy>
            </node>
            <node id="18" type="1">
                <cx>17.0</cx>
                <cy>33.0</cy>
            </node>
            <node id="19" type="1">
                <cx>13.0</cx>
                <cy>13.0</cy>
            </node>
            <node id="20" type="1">
                <cx>57.0</cx>
                <cy>58.0</cy>
            </node>
            <node id="21" type="1">
                <cx>62.0</cx>
                <cy>42.0</cy>
            </node>
            <node id="22" type="1">
                <cx>42.0</cx>
                <cy>57.0</cy>
            </node>
            <node id="23" type="1">
                <cx>16.0</cx>
                <cy>57.0</cy>
            </node>
            <node id="24" type="1">
                <cx>8.0</cx>
                <cy>52.0</cy>
            </node>
            <node id="25" type="1">
                <cx>7.0</cx>
                <cy>38.0</cy>
            </node>
            <node id="26" type="1">
                <cx>27.0</cx>
                <cy>68.0</cy>
            </node>
            <node id="27" type="1">
                <cx>30.0</cx>
                <cy>48.0</cy>
            </node>
            <node id="28" type="1">
                <cx>43.0</cx>
                <cy>67.0</cy>
            </node>
            <node id="29" type="1">
                <cx>58.0</cx>
                <cy>48.0</cy>
            </node>
            <node id="30" type="1">
                <cx>58.0</cx>
                <cy>27.0</cy>
            </node>
            <node id="31" type="1">
                <cx>37.0</cx>
                <cy>69.0</cy>
            </node>
            <node id="32" type="1">
                <cx>38.0</cx>
                <cy>46.0</cy>
            </node>
            <node id="33" type="1">
                <cx>46.0</cx>
                <cy>10.0</cy>
            </node>
            <node id="34" type="1">
                <cx>61.0</cx>
                <cy>33.0</cy>
            </node>
            <node id="35" type="1">
                <cx>62.0</cx>
                <cy>63.0</cy>
            </node>
            <node id="36" type="1">
                <cx>63.0</cx>
                <cy>69.0</cy>
            </node>
            <node id="37" type="1">
                <cx>32.0</cx>
                <cy>22.0</cy>
            </node>
            <node id="38" type="1">
                <cx>45.0</cx>
                <cy>35.0</cy>
            </node>
            <node id="39" type="1">
                <cx>59.0</cx>
                <cy>15.0</cy>
            </node>
            <node id="40" type="1">
                <cx>5.0</cx>
                <cy>6.0</cy>
            </node>
            <node id="41" type="1">
                <cx>10.0</cx>
                <cy>17.0</cy>
            </node>
            <node id="42" type="1">
                <cx>21.0</cx>
                <cy>10.0</cy>
            </node>
            <node id="43" type="1">
                <cx>5.0</cx>
                <cy>64.0</cy>
            </node>
            <node id="44" type="1">
                <cx>30.0</cx>
                <cy>15.0</cy>
            </node>
            <node id="45" type="1">
                <cx>39.0</cx>
                <cy>10.0</cy>
            </node>
            <node id="46" type="1">
                <cx>32.0</cx>
                <cy>39.0</cy>
            </node>
            <node id="47" type="1">
                <cx>25.0</cx>
                <cy>32.0</cy>
            </node>
            <node id="48" type="1">
                <cx>25.0</cx>
                <cy>55.0</cy>
            </node>
            <node id="49" type="1">
                <cx>48.0</cx>
                <cy>28.0</cy>
            </node>
            <node id="50" type="1">
                <cx>56.0</cx>
                <cy>37.0</cy>
            </node>
            <node id="51" type="1">
                <cx>41.0</cx>
                <cy>49.0</cy>
            </node>
            <node id="52" type="1">
                <cx>35.0</cx>
                <cy>17.0</cy>
            </node>
            <node id="53" type="1">
                <cx>55.0</cx>
                <cy>45.0</cy>
            </node>
            <node id="54" type="1">
                <cx>55.0</cx>
                <cy>20.0</cy>
            </node>
            <node id="55" type="1">
                <cx>15.0</cx>
                <cy>30.0</cy>
            </node>
            <node id="56" type="1">
                <cx>25.0</cx>
                <cy>30.0</cy>
            </node>
            <node id="57" type="1">
                <cx>20.0</cx>
                <cy>50.0</cy>
            </node>
            <node id="58" type="1">
                <cx>10.0</cx>
                <cy>43.0</cy>
            </node>
            <node id="59" type="1">
                <cx>55.0</cx>
                <cy>60.0</cy>
            </node>
            <node id="60" type="1">
                <cx>30.0</cx>
                <cy>60.0</cy>
            </node>
            <node id="61" type="1">
                <cx>20.0</cx>
                <cy>65.0</cy>
            </node>
            <node id="62" type="1">
                <cx>50.0</cx>
                <cy>35.0</cy>
            </node>
            <node id="63" type="1">
                <cx>30.0</cx>
                <cy>25.0</cy>
            </node>
            <node id="64" type="1">
                <cx>15.0</cx>
                <cy>10.0</cy>
            </node>
            <node id="65" type="1">
                <cx>30.0</cx>
                <cy>5.0</cy>
            </node>
            <node id="66" type="1">
                <cx>10.0</cx>
                <cy>20.0</cy>
            </node>
            <node id="67" type="1">
                <cx>5.0</cx>
                <cy>30.0</cy>
            </node>
            <node id="68" type="1">
                <cx>20.0</cx>
                <cy>40.0</cy>
            </node>
            <node id="69" type="1">
                <cx>15.0</cx>
                <cy>60.0</cy>
            </node>
            <node id="70" type="1">
                <cx>45.0</cx>
                <cy>65.0</cy>
            </node>
            <node id="71" type="1">
                <cx>45.0</cx>
                <cy>20.0</cy>
            </node>
            <node id="72" type="1">
                <cx>45.0</cx>
                <cy>10.0</cy>
            </node>
            <node id="73" type="1">
                <cx>55.0</cx>
                <cy>5.0</cy>
            </node>
            <node id="74" type="1">
                <cx>65.0</cx>
                <cy>35.0</cy>
            </node>
            <node id="75" type="1">
                <cx>65.0</cx>
                <cy>20.0</cy>
            </node>
            <node id="76" type="1">
                <cx>45.0</cx>
                <cy>30.0</cy>
            </node>
            <node id="77" type="1">
                <cx>35.0</cx>
                <cy>40.0</cy>
            </node>
            <node id="78" type="1">
                <cx>41.0</cx>
                <cy>37.0</cy>
            </node>
            <node id="79" type="1">
                <cx>64.0</cx>
                <cy>42.0</cy>
            </node>
            <node id="80" type="1">
                <cx>40.0</cx>
                <cy>60.0</cy>
            </node>
            <node id="81" type="1">
                <cx>31.0</cx>
                <cy>52.0</cy>
            </node>
            <node id="82" type="1">
                <cx>35.0</cx>
                <cy>69.0</cy>
            </node>
            <node id="83" type="1">
                <cx>53.0</cx>
                <cy>52.0</cy>
            </node>
            <node id="84" type="1">
                <cx>65.0</cx>
                <cy>55.0</cy>
            </node>
            <node id="85" type="1">
                <cx>63.0</cx>
                <cy>65.0</cy>
            </node>
            <node id="86" type="1">
                <cx>2.0</cx>
                <cy>60.0</cy>
            </node>
            <node id="87" type="1">
                <cx>20.0</cx>
                <cy>20.0</cy>
            </node>
            <node id="88" type="1">
                <cx>5.0</cx>
                <cy>5.0</cy>
            </node>
            <node id="89" type="1">
                <cx>60.0</cx>
                <cy>12.0</cy>
            </node>
            <node id="90" type="1">
                <cx>40.0</cx>
                <cy>25.0</cy>
            </node>
            <node id="91" type="1">
                <cx>42.0</cx>
                <cy>7.0</cy>
            </node>
            <node id="92" type="1">
                <cx>24.0</cx>
                <cy>12.0</cy>
            </node>
            <node id="93" type="1">
                <cx>23.0</cx>
                <cy>3.0</cy>
            </node>
            <node id="94" type="1">
                <cx>11.0</cx>
                <cy>14.0</cy>
            </node>
            <node id="95" type="1">
                <cx>6.0</cx>
                <cy>38.0</cy>
            </node>
            <node id="96" type="1">
                <cx>2.0</cx>
                <cy>48.0</cy>
            </node>
            <node id="97" type="1">
                <cx>8.0</cx>
                <cy>56.0</cy>
            </node>
            <node id="98" type="1">
                <cx>13.0</cx>
                <cy>52.0</cy>
            </node>
            <node id="99" type="1">
                <cx>6.0</cx>
                <cy>68.0</cy>
            </node>
            <node id="100" type="1">
                <cx>47.0</cx>
                <cy>47.0</cy>
            </node>
            <node id="101" type="1">
                <cx>49.0</cx>
                <cy>58.0</cy>
            </node>
            <node id="102" type="1">
                <cx>27.0</cx>
                <cy>43.0</cy>
            </node>
            <node id="103" type="1">
                <cx>37.0</cx>
                <cy>31.0</cy>
            </node>
            <node id="104" type="1">
                <cx>57.0</cx>
                <cy>29.0</cy>
            </node>
            <node id="105" type="1">
                <cx>63.0</cx>
                <cy>23.0</cy>
            </node>
            <node id="106" type="1">
                <cx>53.0</cx>
                <cy>12.0</cy>
            </node>
            <node id="107" type="1">
                <cx>32.0</cx>
                <cy>12.0</cy>
            </node>
            <node id="108" type="1">
                <cx>36.0</cx>
                <cy>26.0</cy>
            </node>
            <node id="109" type="1">
                <cx>21.0</cx>
                <cy>24.0</cy>
            </node>
            <node id="110" type="1">
                <cx>17.0</cx>
                <cy>34.0</cy>
            </node>
            <node id="111" type="1">
                <cx>12.0</cx>
                <cy>24.0</cy>
            </node>
            <node id="112" type="1">
                <cx>24.0</cx>
                <cy>58.0</cy>
            </node>
            <node id="113" type="1">
                <cx>27.0</cx>
                <cy>69.0</cy>
            </node>
            <node id="114" type="1">
                <cx>15.0</cx>
                <cy>77.0</cy>
            </node>
            <node id="115" type="1">
                <cx>62.0</cx>
                <cy>77.0</cy>
            </node>
            <node id="116" type="1">
                <cx>49.0</cx>
                <cy>73.0</cy>
            </node>
            <node id="117" type="1">
                <cx>67.0</cx>
                <cy>5.0</cy>
            </node>
            <node id="118" type="1">
                <cx>56.0</cx>
                <cy>39.0</cy>
            </node>
            <node id="119" type="1">
                <cx>37.0</cx>
                <cy>47.0</cy>
            </node>
            <node id="120" type="1">
                <cx>37.0</cx>
                <cy>56.0</cy>
            </node>
            <node id="121" type="1">
                <cx>57.0</cx>
                <cy>68.0</cy>
            </node>
            <node id="122" type="1">
                <cx>47.0</cx>
                <cy>16.0</cy>
            </node>
            <node id="123" type="1">
                <cx>44.0</cx>
                <cy>17.0</cy>
            </node>
            <node id="124" type="1">
                <cx>46.0</cx>
                <cy>13.0</cy>
            </node>
            <node id="125" type="1">
                <cx>49.0</cx>
                <cy>11.0</cy>
            </node>
            <node id="126" type="1">
                <cx>49.0</cx>
                <cy>42.0</cy>
            </node>
            <node id="127" type="1">
                <cx>53.0</cx>
                <cy>43.0</cy>
            </node>
            <node id="128" type="1">
                <cx>61.0</cx>
                <cy>52.0</cy>
            </node>
            <node id="129" type="1">
                <cx>57.0</cx>
                <cy>48.0</cy>
            </node>
            <node id="130" type="1">
                <cx>56.0</cx>
                <cy>37.0</cy>
            </node>
            <node id="131" type="1">
                <cx>55.0</cx>
                <cy>54.0</cy>
            </node>
            <node id="132" type="1">
                <cx>15.0</cx>
                <cy>47.0</cy>
            </node>
            <node id="133" type="1">
                <cx>14.0</cx>
                <cy>37.0</cy>
            </node>
            <node id="134" type="1">
                <cx>11.0</cx>
                <cy>31.0</cy>
            </node>
            <node id="135" type="1">
                <cx>16.0</cx>
                <cy>22.0</cy>
            </node>
            <node id="136" type="1">
                <cx>4.0</cx>
                <cy>18.0</cy>
            </node>
            <node id="137" type="1">
                <cx>28.0</cx>
                <cy>18.0</cy>
            </node>
            <node id="138" type="1">
                <cx>26.0</cx>
                <cy>52.0</cy>
            </node>
            <node id="139" type="1">
                <cx>26.0</cx>
                <cy>35.0</cy>
            </node>
            <node id="140" type="1">
                <cx>31.0</cx>
                <cy>67.0</cy>
            </node>
            <node id="141" type="1">
                <cx>15.0</cx>
                <cy>19.0</cy>
            </node>
            <node id="142" type="1">
                <cx>22.0</cx>
                <cy>22.0</cy>
            </node>
            <node id="143" type="1">
                <cx>18.0</cx>
                <cy>24.0</cy>
            </node>
            <node id="144" type="1">
                <cx>26.0</cx>
                <cy>27.0</cy>
            </node>
            <node id="145" type="1">
                <cx>25.0</cx>
                <cy>24.0</cy>
            </node>
            <node id="146" type="1">
                <cx>22.0</cx>
                <cy>27.0</cy>
            </node>
            <node id="147" type="1">
                <cx>25.0</cx>
                <cy>21.0</cy>
            </node>
            <node id="148" type="1">
                <cx>19.0</cx>
                <cy>21.0</cy>
            </node>
            <node id="149" type="1">
                <cx>20.0</cx>
                <cy>26.0</cy>
            </node>
            <node id="150" type="1">
                <cx>18.0</cx>
                <cy>18.0</cy>
            </node>
            <node id="151" type="0">
                <cx>35.0</cx>
                <cy>35.0</cy>
            </node>
        </nodes>
        <euclidean/>
        <decimals>0</decimals>
    </network>
    <fleet>
        <vehicle_profile type="0">
            <departure_node>151</departure_node>
            <arrival_node>151</arrival_node>
            <capacity>200.0</capacity>
        </vehicle_profile>
    </fleet>
    <requests>
        <request id="0" node="1">
            <quantity>7.0</quantity>
        </request>
        <request id="1" node="2">
            <quantity>30.0</quantity>
        </request>
        <request id="2" node="3">
            <quantity>16.0</quantity>
        </request>
        <request id="3" node="4">
            <quantity>9.0</quantity>
        </request>
        <request id="4" node="5">
            <quantity>21.0</quantity>
        </request>
        <request id="5" node="6">
            <quantity>15.0</quantity>
        </request>
        <request id="6" node="7">
            <quantity>19.0</quantity>
        </request>
        <request id="7" node="8">
            <quantity>23.0</quantity>
        </request>
        <request id="8" node="9">
            <quantity>11.0</quantity>
        </request>
        <request id="9" node="10">
            <quantity>5.0</quantity>
        </request>
        <request id="10" node="11">
            <quantity>19.0</quantity>
        </request>
        <request id="11" node="12">
            <quantity>29.0</quantity>
        </request>
        <request id="12" node="13">
            <quantity>23.0</quantity>
        </request>
        <request id="13" node="14">
            <quantity>21.0</quantity>
        </request>
        <request id="14" node="15">
            <quantity>10.0</quantity>
        </request>
        <request id="15" node="16">
            <quantity>15.0</quantity>
        </request>
        <request id="16" node="17">
            <quantity>3.0</quantity>
        </request>
        <request id="17" node="18">
            <quantity>41.0</quantity>
        </request>
        <request id="18" node="19">
            <quantity>9.0</quantity>
        </request>
        <request id="19" node="20">
            <quantity>28.0</quantity>
        </request>
        <request id="20" node="21">
            <quantity>8.0</quantity>
        </request>
        <request id="21" node="22">
            <quantity>8.0</quantity>
        </request>
        <request id="22" node="23">
            <quantity>16.0</quantity>
        </request>
        <request id="23" node="24">
            <quantity>10.0</quantity>
        </request>
        <request id="24" node="25">
            <quantity>28.0</quantity>
        </request>
        <request id="25" node="26">
            <quantity>7.0</quantity>
        </request>
        <request id="26" node="27">
            <quantity>15.0</quantity>
        </request>
        <request id="27" node="28">
            <quantity>14.0</quantity>
        </request>
        <request id="28" node="29">
            <quantity>6.0</quantity>
        </request>
        <request id="29" node="30">
            <quantity>19.0</quantity>
        </request>
        <request id="30" node="31">
            <quantity>11.0</quantity>
        </request>
        <request id="31" node="32">
            <quantity>12.0</quantity>
        </request>
        <request id="32" node="33">
            <quantity>23.0</quantity>
        </request>
        <request id="33" node="34">
            <quantity>26.0</quantity>
        </request>
        <request id="34" node="35">
            <quantity>17.0</quantity>
        </request>
        <request id="35" node="36">
            <quantity>6.0</quantity>
        </request>
        <request id="36" node="37">
            <quantity>9.0</quantity>
        </request>
        <request id="37" node="38">
            <quantity>15.0</quantity>
        </request>
        <request id="38" node="39">
            <quantity>14.0</quantity>
        </request>
        <request id="39" node="40">
            <quantity>7.0</quantity>
        </request>
        <request id="40" node="41">
            <quantity>27.0</quantity>
        </request>
        <request id="41" node="42">
            <quantity>13.0</quantity>
        </request>
        <request id="42" node="43">
            <quantity>11.0</quantity>
        </request>
        <request id="43" node="44">
            <quantity>16.0</quantity>
        </request>
        <request id="44" node="45">
            <quantity>10.0</quantity>
        </request>
        <request id="45" node="46">
            <quantity>5.0</quantity>
        </request>
        <request id="46" node="47">
            <quantity>25.0</quantity>
        </request>
        <request id="47" node="48">
            <quantity>17.0</quantity>
        </request>
        <request id="48" node="49">
            <quantity>18.0</quantity>
        </request>
        <request id="49" node="50">
            <quantity>10.0</quantity>
        </request>
        <request id="50" node="51">
            <quantity>10.0</quantity>
        </request>
        <request id="51" node="52">
            <quantity>7.0</quantity>
        </request>
        <request id="52" node="53">
            <quantity>13.0</quantity>
        </request>
        <request id="53" node="54">
            <quantity>19.0</quantity>
        </request>
        <request id="54" node="55">
            <quantity>26.0</quantity>
        </request>
        <request id="55" node="56">
            <quantity>3.0</quantity>
        </request>
        <request id="56" node="57">
            <quantity>5.0</quantity>
        </request>
        <request id="57" node="58">
            <quantity>9.0</quantity>
        </request>
        <request id="58" node="59">
            <quantity>16.0</quantity>
        </request>
        <request id="59" node="60">
            <quantity>16.0</quantity>
        </request>
        <request id="60" node="61">
            <quantity>12.0</quantity>
        </request>
        <request id="61" node="62">
            <quantity>19.0</quantity>
        </request>
        <request id="62" node="63">
            <quantity>23.0</quantity>
        </request>
        <request id="63" node="64">
            <quantity>20.0</quantity>
        </request>
        <request id="64" node="65">
            <quantity>8.0</quantity>
        </request>
        <request id="65" node="66">
            <quantity>19.0</quantity>
        </request>
        <request id="66" node="67">
            <quantity>2.0</quantity>
        </request>
        <request id="67" node="68">
            <quantity>12.0</quantity>
        </request>
        <request id="68" node="69">
            <quantity>17.0</quantity>
        </request>
        <request id="69" node="70">
            <quantity>9.0</quantity>
        </request>
        <request id="70" node="71">
            <quantity>11.0</quantity>
        </request>
        <request id="71" node="72">
            <quantity>18.0</quantity>
        </request>
        <request id="72" node="73">
            <quantity>29.0</quantity>
        </request>
        <request id="73" node="74">
            <quantity>3.0</quantity>
        </request>
        <request id="74" node="75">
            <quantity>6.0</quantity>
        </request>
        <request id="75" node="76">
            <quantity>17.0</quantity>
        </request>
        <request id="76" node="77">
            <quantity>16.0</quantity>
        </request>
        <request id="77" node="78">
            <quantity>16.0</quantity>
        </request>
        <request id="78" node="79">
            <quantity>9.0</quantity>
        </request>
        <request id="79" node="80">
            <quantity>21.0</quantity>
        </request>
        <request id="80" node="81">
            <quantity>27.0</quantity>
        </request>
        <request id="81" node="82">
            <quantity>23.0</quantity>
        </request>
        <request id="82" node="83">
            <quantity>11.0</quantity>
        </request>
        <request id="83" node="84">
            <quantity>14.0</quantity>
        </request>
        <request id="84" node="85">
            <quantity>8.0</quantity>
        </request>
        <request id="85" node="86">
            <quantity>5.0</quantity>
        </request>
        <request id="86" node="87">
            <quantity>8.0</quantity>
        </request>
        <request id="87" node="88">
            <quantity>16.0</quantity>
        </request>
        <request id="88" node="89">
            <quantity>31.0</quantity>
        </request>
        <request id="89" node="90">
            <quantity>9.0</quantity>
        </request>
        <request id="90" node="91">
            <quantity>5.0</quantity>
        </request>
        <request id="91" node="92">
            <quantity>5.0</quantity>
        </request>
        <request id="92" node="93">
            <quantity>7.0</quantity>
        </request>
        <request id="93" node="94">
            <quantity>18.0</quantity>
        </request>
        <request id="94" node="95">
            <quantity>16.0</quantity>
        </request>
        <request id="95" node="96">
            <quantity>1.0</quantity>
        </request>
        <request id="96" node="97">
            <quantity>27.0</quantity>
        </request>
        <request id="97" node="98">
            <quantity>36.0</quantity>
        </request>
        <request id="98" node="99">
            <quantity>30.0</quantity>
        </request>
        <request id="99" node="100">
            <quantity>13.0</quantity>
        </request>
        <request id="100" node="101">
            <quantity>10.0</quantity>
        </request>
        <request id="101" node="102">
            <quantity>9.0</quantity>
        </request>
        <request id="102" node="103">
            <quantity>14.0</quantity>
        </request>
        <request id="103" node="104">
            <quantity>18.0</quantity>
        </request>
        <request id="104" node="105">
            <quantity>2.0</quantity>
        </request>
        <request id="105" node="106">
            <quantity>6.0</quantity>
        </request>
        <request id="106" node="107">
            <quantity>7.0</quantity>
        </request>
        <request id="107" node="108">
            <quantity>18.0</quantity>
        </request>
        <request id="108" node="109">
            <quantity>28.0</quantity>
        </request>
        <request id="109" node="110">
            <quantity>3.0</quantity>
        </request>
        <request id="110" node="111">
            <quantity>13.0</quantity>
        </request>
        <request id="111" node="112">
            <quantity>19.0</quantity>
        </request>
        <request id="112" node="113">
            <quantity>10.0</quantity>
        </request>
        <request id="113" node="114">
            <quantity>9.0</quantity>
        </request>
        <request id="114" node="115">
            <quantity>20.0</quantity>
        </request>
        <request id="115" node="116">
            <quantity>25.0</quantity>
        </request>
        <request id="116" node="117">
            <quantity>25.0</quantity>
        </request>
        <request id="117" node="118">
            <quantity>36.0</quantity>
        </request>
        <request id="118" node="119">
            <quantity>6.0</quantity>
        </request>
        <request id="119" node="120">
            <quantity>5.0</quantity>
        </request>
        <request id="120" node="121">
            <quantity>15.0</quantity>
        </request>
        <request id="121" node="122">
            <quantity>25.0</quantity>
        </request>
        <request id="122" node="123">
            <quantity>9.0</quantity>
        </request>
        <request id="123" node="124">
            <quantity>8.0</quantity>
        </request>
        <request id="124" node="125">
            <quantity>18.0</quantity>
        </request>
        <request id="125" node="126">
            <quantity>13.0</quantity>
        </request>
        <request id="126" node="127">
            <quantity>14.0</quantity>
        </request>
        <request id="127" node="128">
            <quantity>3.0</quantity>
        </request>
        <request id="128" node="129">
            <quantity>23.0</quantity>
        </request>
        <request id="129" node="130">
            <quantity>6.0</quantity>
        </request>
        <request id="130" node="131">
            <quantity>26.0</quantity>
        </request>
        <request id="131" node="132">
            <quantity>16.0</quantity>
        </request>
        <request id="132" node="133">
            <quantity>11.0</quantity>
        </request>
        <request id="133" node="134">
            <quantity>7.0</quantity>
        </request>
        <request id="134" node="135">
            <quantity>41.0</quantity>
        </request>
        <request id="135" node="136">
            <quantity>35.0</quantity>
        </request>
        <request id="136" node="137">
            <quantity>26.0</quantity>
        </request>
        <request id="137" node="138">
            <quantity>9.0</quantity>
        </request>
        <request id="138" node="139">
            <quantity>15.0</quantity>
        </request>
        <request id="139" node="140">
            <quantity>3.0</quantity>
        </request>
        <request id="140" node="141">
            <quantity>1.0</quantity>
        </request>
        <request id="141" node="142">
            <quantity>2.0</quantity>
        </request>
        <request id="142" node="143">
            <quantity>22.0</quantity>
        </request>
        <request id="143" node="144">
            <quantity>27.0</quantity>
        </request>
        <request id="144" node="145">
            <quantity>20.0</quantity>
        </request>
        <request id="145" node="146">
            <quantity>11.0</quantity>
        </request>
        <request id="146" node="147">
            <quantity>12.0</quantity>
        </request>
        <request id="147" node="148">
            <quantity>10.0</quantity>
        </request>
        <request id="148" node="149">
            <quantity>9.0</quantity>
        </request>
        <request id="149" node="150">
            <quantity>17.0</quantity>
        </request>
    </requests>
</instance>
