<?xml version="1.0" encoding="UTF-8" standalone="yes"?>
<instance>
    <info>
        <dataset>Golden et al. 1998</dataset>
        <name>Golden_08</name>
    </info>
    <network>
        <nodes>
            <node id="1" type="1">
                <cx>30.0</cx>
                <cy>0.0</cy>
            </node>
            <node id="2" type="1">
                <cx>29.6946</cx>
                <cy>4.2694</cy>
            </node>
            <node id="3" type="1">
                <cx>28.7848</cx>
                <cy>8.452</cy>
            </node>
            <node id="4" type="1">
                <cx>27.289</cx>
                <cy>12.4625</cy>
            </node>
            <node id="5" type="1">
                <cx>25.2376</cx>
                <cy>16.2192</cy>
            </node>
            <node id="6" type="1">
                <cx>22.6725</cx>
                <cy>19.6458</cy>
            </node>
            <node id="7" type="1">
                <cx>19.6458</cx>
                <cy>22.6725</cy>
            </node>
            <node id="8" type="1">
                <cx>16.2192</cx>
                <cy>25.2376</cy>
            </node>
            <node id="9" type="1">
                <cx>12.4624</cx>
                <cy>27.289</cy>
            </node>
            <node id="10" type="1">
                <cx>8.452</cx>
                <cy>28.7848</cy>
            </node>
            <node id="11" type="1">
                <cx>4.2694</cx>
                <cy>29.6946</cy>
            </node>
            <node id="12" type="1">
                <cx>0.0</cx>
                <cy>30.0</cy>
            </node>
            <node id="13" type="1">
                <cx>-4.2694</cx>
                <cy>29.6946</cy>
            </node>
            <node id="14" type="1">
                <cx>-8.452</cx>
                <cy>28.7848</cy>
            </node>
            <node id="15" type="1">
                <cx>-12.4625</cx>
                <cy>27.289</cy>
            </node>
            <node id="16" type="1">
                <cx>-16.2192</cx>
                <cy>25.2376</cy>
            </node>
            <node id="17" type="1">
                <cx>-19.6458</cx>
                <cy>22.6725</cy>
            </node>
            <node id="18" type="1">
                <cx>-22.6725</cx>
                <cy>19.6458</cy>
            </node>
            <node id="19" type="1">
                <cx>-25.2376</cx>
                <cy>16.2192</cy>
            </node>
            <node id="20" type="1">
                <cx>-27.289</cx>
                <cy>12.4624</cy>
            </node>
            <node id="21" type="1">
                <cx>-28.7848</cx>
                <cy>8.452</cy>
            </node>
            <node id="22" type="1">
                <cx>-29.6946</cx>
                <cy>4.2694</cy>
            </node>
            <node id="23" type="1">
                <cx>-30.0</cx>
                <cy>0.0</cy>
            </node>
            <node id="24" type="1">
                <cx>-29.6946</cx>
                <cy>-4.2694</cy>
            </node>
            <node id="25" type="1">
                <cx>-28.7848</cx>
                <cy>-8.452</cy>
            </node>
            <node id="26" type="1">
                <cx>-27.289</cx>
                <cy>-12.4625</cy>
            </node>
            <node id="27" type="1">
                <cx>-25.2376</cx>
                <cy>-16.2192</cy>
            </node>
            <node id="28" type="1">
                <cx>-22.6725</cx>
                <cy>-19.6458</cy>
            </node>
            <node id="29" type="1">
                <cx>-19.6458</cx>
                <cy>-22.6725</cy>
            </node>
            <node id="30" type="1">
                <cx>-16.2192</cx>
                <cy>-25.2376</cy>
            </node>
            <node id="31" type="1">
                <cx>-12.4624</cx>
                <cy>-27.289</cy>
            </node>
            <node id="32" type="1">
                <cx>-8.452</cx>
                <cy>-28.7848</cy>
            </node>
            <node id="33" type="1">
                <cx>-4.2694</cx>
                <cy>-29.6946</cy>
            </node>
            <node id="34" type="1">
                <cx>0.0</cx>
                <cy>-30.0</cy>
            </node>
            <node id="35" type="1">
                <cx>4.2694</cx>
                <cy>-29.6946</cy>
            </node>
            <node id="36" type="1">
                <cx>8.452</cx>
                <cy>-28.7848</cy>
            </node>
            <node id="37" type="1">
                <cx>12.4625</cx>
                <cy>-27.289</cy>
            </node>
            <node id="38" type="1">
                <cx>16.2192</cx>
                <cy>-25.2376</cy>
            </node>
            <node id="39" type="1">
                <cx>19.6458</cx>
                <cy>-22.6725</cy>
            </node>
            <node id="40" type="1">
                <cx>22.6725</cx>
                <cy>-19.6458</cy>
            </node>
            <node id="41" type="1">
                <cx>25.2376</cx>
                <cy>-16.2192</cy>
            </node>
            <node id="42" type="1">
                <cx>27.289</cx>
                <cy>-12.4624</cy>
            </node>
            <node id="43" type="1">
                <cx>28.7848</cx>
                <cy>-8.452</cy>
            </node>
            <node id="44" type="1">
                <cx>29.6946</cx>
                <cy>-4.2694</cy>
            </node>
            <node id="45" type="1">
                <cx>60.0</cx>
                <cy>0.0</cy>
            </node>
            <node id="46" type="1">
                <cx>59.3893</cx>
                <cy>8.5389</cy>
            </node>
            <node id="47" type="1">
                <cx>57.5696</cx>
                <cy>16.904</cy>
            </node>
            <node id="48" type="1">
                <cx>54.5779</cx>
                <cy>24.9249</cy>
            </node>
            <node id="49" type="1">
                <cx>50.4752</cx>
                <cy>32.4384</cy>
            </node>
            <node id="50" type="1">
                <cx>45.345</cx>
                <cy>39.2916</cy>
            </node>
            <node id="51" type="1">
                <cx>39.2916</cx>
                <cy>45.345</cy>
            </node>
            <node id="52" type="1">
                <cx>32.4384</cx>
                <cy>50.4752</cy>
            </node>
            <node id="53" type="1">
                <cx>24.9249</cx>
                <cy>54.5779</cy>
            </node>
            <node id="54" type="1">
                <cx>16.904</cx>
                <cy>57.5696</cy>
            </node>
            <node id="55" type="1">
                <cx>8.5389</cx>
                <cy>59.3893</cy>
            </node>
            <node id="56" type="1">
                <cx>0.0</cx>
                <cy>60.0</cy>
            </node>
            <node id="57" type="1">
                <cx>-8.5389</cx>
                <cy>59.3893</cy>
            </node>
            <node id="58" type="1">
                <cx>-16.904</cx>
                <cy>57.5696</cy>
            </node>
            <node id="59" type="1">
                <cx>-24.9249</cx>
                <cy>54.5779</cy>
            </node>
            <node id="60" type="1">
                <cx>-32.4385</cx>
                <cy>50.4752</cy>
            </node>
            <node id="61" type="1">
                <cx>-39.2916</cx>
                <cy>45.345</cy>
            </node>
            <node id="62" type="1">
                <cx>-45.345</cx>
                <cy>39.2916</cy>
            </node>
            <node id="63" type="1">
                <cx>-50.4752</cx>
                <cy>32.4384</cy>
            </node>
            <node id="64" type="1">
                <cx>-54.5779</cx>
                <cy>24.9249</cy>
            </node>
            <node id="65" type="1">
                <cx>-57.5696</cx>
                <cy>16.9039</cy>
            </node>
            <node id="66" type="1">
                <cx>-59.3893</cx>
                <cy>8.5389</cy>
            </node>
            <node id="67" type="1">
                <cx>-60.0</cx>
                <cy>0.0</cy>
            </node>
            <node id="68" type="1">
                <cx>-59.3893</cx>
                <cy>-8.5389</cy>
            </node>
            <node id="69" type="1">
                <cx>-57.5696</cx>
                <cy>-16.904</cy>
            </node>
            <node id="70" type="1">
                <cx>-54.5779</cx>
                <cy>-24.9249</cy>
            </node>
            <node id="71" type="1">
                <cx>-50.4752</cx>
                <cy>-32.4385</cy>
            </node>
            <node id="72" type="1">
                <cx>-45.345</cx>
                <cy>-39.2916</cy>
            </node>
            <node id="73" type="1">
                <cx>-39.2916</cx>
                <cy>-45.345</cy>
            </node>
            <node id="74" type="1">
                <cx>-32.4384</cx>
                <cy>-50.4752</cy>
            </node>
            <node id="75" type="1">
                <cx>-24.9249</cx>
                <cy>-54.5779</cy>
            </node>
            <node id="76" type="1">
                <cx>-16.9039</cx>
                <cy>-57.5696</cy>
            </node>
            <node id="77" type="1">
                <cx>-8.5389</cx>
                <cy>-59.3893</cy>
            </node>
            <node id="78" type="1">
                <cx>0.0</cx>
                <cy>-60.0</cy>
            </node>
            <node id="79" type="1">
                <cx>8.5389</cx>
                <cy>-59.3893</cy>
            </node>
            <node id="80" type="1">
                <cx>16.904</cx>
                <cy>-57.5696</cy>
            </node>
            <node id="81" type="1">
                <cx>24.9249</cx>
                <cy>-54.5779</cy>
            </node>
            <node id="82" type="1">
                <cx>32.4385</cx>
                <cy>-50.4752</cy>
            </node>
            <node id="83" type="1">
                <cx>39.2917</cx>
                <cy>-45.345</cy>
            </node>
            <node id="84" type="1">
                <cx>45.345</cx>
                <cy>-39.2916</cy>
            </node>
            <node id="85" type="1">
                <cx>50.4752</cx>
                <cy>-32.4384</cy>
            </node>
            <node id="86" type="1">
                <cx>54.5779</cx>
                <cy>-24.9249</cy>
            </node>
            <node id="87" type="1">
                <cx>57.5696</cx>
                <cy>-16.9039</cy>
            </node>
            <node id="88" type="1">
                <cx>59.3893</cx>
                <cy>-8.5389</cy>
            </node>
            <node id="89" type="1">
                <cx>90.0</cx>
                <cy>0.0</cy>
            </node>
            <node id="90" type="1">
                <cx>89.0839</cx>
                <cy>12.8083</cy>
            </node>
            <node id="91" type="1">
                <cx>86.3544</cx>
                <cy>25.3559</cy>
            </node>
            <node id="92" type="1">
                <cx>81.8669</cx>
                <cy>37.3874</cy>
            </node>
            <node id="93" type="1">
                <cx>75.7128</cx>
                <cy>48.6577</cy>
            </node>
            <node id="94" type="1">
                <cx>68.0175</cx>
                <cy>58.9375</cy>
            </node>
            <node id="95" type="1">
                <cx>58.9375</cx>
                <cy>68.0175</cy>
            </node>
            <node id="96" type="1">
                <cx>48.6577</cx>
                <cy>75.7128</cy>
            </node>
            <node id="97" type="1">
                <cx>37.3873</cx>
                <cy>81.8669</cy>
            </node>
            <node id="98" type="1">
                <cx>25.3559</cx>
                <cy>86.3544</cy>
            </node>
            <node id="99" type="1">
                <cx>12.8083</cx>
                <cy>89.0839</cy>
            </node>
            <node id="100" type="1">
                <cx>0.0</cx>
                <cy>90.0</cy>
            </node>
            <node id="101" type="1">
                <cx>-12.8083</cx>
                <cy>89.0839</cy>
            </node>
            <node id="102" type="1">
                <cx>-25.3559</cx>
                <cy>86.3544</cy>
            </node>
            <node id="103" type="1">
                <cx>-37.3874</cx>
                <cy>81.8669</cy>
            </node>
            <node id="104" type="1">
                <cx>-48.6577</cx>
                <cy>75.7128</cy>
            </node>
            <node id="105" type="1">
                <cx>-58.9375</cx>
                <cy>68.0175</cy>
            </node>
            <node id="106" type="1">
                <cx>-68.0175</cx>
                <cy>58.9375</cy>
            </node>
            <node id="107" type="1">
                <cx>-75.7128</cx>
                <cy>48.6577</cy>
            </node>
            <node id="108" type="1">
                <cx>-81.8669</cx>
                <cy>37.3873</cy>
            </node>
            <node id="109" type="1">
                <cx>-86.3544</cx>
                <cy>25.3559</cy>
            </node>
            <node id="110" type="1">
                <cx>-89.0839</cx>
                <cy>12.8083</cy>
            </node>
            <node id="111" type="1">
                <cx>-90.0</cx>
                <cy>0.0</cy>
            </node>
            <node id="112" type="1">
                <cx>-89.0839</cx>
                <cy>-12.8083</cy>
            </node>
            <node id="113" type="1">
                <cx>-86.3544</cx>
                <cy>-25.3559</cy>
            </node>
            <node id="114" type="1">
                <cx>-81.8669</cx>
                <cy>-37.3874</cy>
            </node>
            <node id="115" type="1">
                <cx>-75.7128</cx>
                <cy>-48.6577</cy>
            </node>
            <node id="116" type="1">
                <cx>-68.0175</cx>
                <cy>-58.9375</cy>
            </node>
            <node id="117" type="1">
                <cx>-58.9375</cx>
                <cy>-68.0175</cy>
            </node>
            <node id="118" type="1">
                <cx>-48.6577</cx>
                <cy>-75.7128</cy>
            </node>
            <node id="119" type="1">
                <cx>-37.3873</cx>
                <cy>-81.8669</cy>
            </node>
            <node id="120" type="1">
                <cx>-25.3559</cx>
                <cy>-86.3544</cy>
            </node>
            <node id="121" type="1">
                <cx>-12.8083</cx>
                <cy>-89.0839</cy>
            </node>
            <node id="122" type="1">
                <cx>0.0</cx>
                <cy>-90.0</cy>
            </node>
            <node id="123" type="1">
                <cx>12.8083</cx>
                <cy>-89.0839</cy>
            </node>
            <node id="124" type="1">
                <cx>25.3559</cx>
                <cy>-86.3544</cy>
            </node>
            <node id="125" type="1">
                <cx>37.3874</cx>
                <cy>-81.8669</cy>
            </node>
            <node id="126" type="1">
                <cx>48.6577</cx>
                <cy>-75.7128</cy>
            </node>
            <node id="127" type="1">
                <cx>58.9375</cx>
                <cy>-68.0175</cy>
            </node>
            <node id="128" type="1">
                <cx>68.0175</cx>
                <cy>-58.9375</cy>
            </node>
            <node id="129" type="1">
                <cx>75.7128</cx>
                <cy>-48.6577</cy>
            </node>
            <node id="130" type="1">
                <cx>81.8669</cx>
                <cy>-37.3873</cy>
            </node>
            <node id="131" type="1">
                <cx>86.3544</cx>
                <cy>-25.3559</cy>
            </node>
            <node id="132" type="1">
                <cx>89.0839</cx>
                <cy>-12.8083</cy>
            </node>
            <node id="133" type="1">
                <cx>120.0</cx>
                <cy>0.0</cy>
            </node>
            <node id="134" type="1">
                <cx>118.7786</cx>
                <cy>17.0778</cy>
            </node>
            <node id="135" type="1">
                <cx>115.1392</cx>
                <cy>33.8079</cy>
            </node>
            <node id="136" type="1">
                <cx>109.1558</cx>
                <cy>49.8498</cy>
            </node>
            <node id="137" type="1">
                <cx>100.9504</cx>
                <cy>64.8769</cy>
            </node>
            <node id="138" type="1">
                <cx>90.6899</cx>
                <cy>78.5833</cy>
            </node>
            <node id="139" type="1">
                <cx>78.5833</cx>
                <cy>90.6899</cy>
            </node>
            <node id="140" type="1">
                <cx>64.8769</cx>
                <cy>100.9504</cy>
            </node>
            <node id="141" type="1">
                <cx>49.8498</cx>
                <cy>109.1558</cy>
            </node>
            <node id="142" type="1">
                <cx>33.8079</cx>
                <cy>115.1392</cy>
            </node>
            <node id="143" type="1">
                <cx>17.0778</cx>
                <cy>118.7786</cy>
            </node>
            <node id="144" type="1">
                <cx>0.0</cx>
                <cy>120.0</cy>
            </node>
            <node id="145" type="1">
                <cx>-17.0778</cx>
                <cy>118.7786</cy>
            </node>
            <node id="146" type="1">
                <cx>-33.8079</cx>
                <cy>115.1392</cy>
            </node>
            <node id="147" type="1">
                <cx>-49.8498</cx>
                <cy>109.1558</cy>
            </node>
            <node id="148" type="1">
                <cx>-64.8769</cx>
                <cy>100.9504</cy>
            </node>
            <node id="149" type="1">
                <cx>-78.5833</cx>
                <cy>90.6899</cy>
            </node>
            <node id="150" type="1">
                <cx>-90.69</cx>
                <cy>78.5833</cy>
            </node>
            <node id="151" type="1">
                <cx>-100.9504</cx>
                <cy>64.8769</cy>
            </node>
            <node id="152" type="1">
                <cx>-109.1558</cx>
                <cy>49.8498</cy>
            </node>
            <node id="153" type="1">
                <cx>-115.1392</cx>
                <cy>33.8079</cy>
            </node>
            <node id="154" type="1">
                <cx>-118.7786</cx>
                <cy>17.0778</cy>
            </node>
            <node id="155" type="1">
                <cx>-120.0</cx>
                <cy>0.0</cy>
            </node>
            <node id="156" type="1">
                <cx>-118.7786</cx>
                <cy>-17.0778</cy>
            </node>
            <node id="157" type="1">
                <cx>-115.1392</cx>
                <cy>-33.8079</cy>
            </node>
            <node id="158" type="1">
                <cx>-109.1558</cx>
                <cy>-49.8498</cy>
            </node>
            <node id="159" type="1">
                <cx>-100.9504</cx>
                <cy>-64.8769</cy>
            </node>
            <node id="160" type="1">
                <cx>-90.6899</cx>
                <cy>-78.5833</cy>
            </node>
            <node id="161" type="1">
                <cx>-78.5833</cx>
                <cy>-90.69</cy>
            </node>
            <node id="162" type="1">
                <cx>-64.8769</cx>
                <cy>-100.9504</cy>
            </node>
            <node id="163" type="1">
                <cx>-49.8498</cx>
                <cy>-109.1558</cy>
            </node>
            <node id="164" type="1">
                <cx>-33.8079</cx>
                <cy>-115.1392</cy>
            </node>
            <node id="165" type="1">
                <cx>-17.0778</cx>
                <cy>-118.7786</cy>
            </node>
            <node id="166" type="1">
                <cx>0.0</cx>
                <cy>-120.0</cy>
            </node>
            <node id="167" type="1">
                <cx>17.0778</cx>
                <cy>-118.7786</cy>
            </node>
            <node id="168" type="1">
                <cx>33.8079</cx>
                <cy>-115.1392</cy>
            </node>
            <node id="169" type="1">
                <cx>49.8498</cx>
                <cy>-109.1558</cy>
            </node>
            <node id="170" type="1">
                <cx>64.8769</cx>
                <cy>-100.9504</cy>
            </node>
            <node id="171" type="1">
                <cx>78.5833</cx>
                <cy>-90.6899</cy>
            </node>
            <node id="172" type="1">
                <cx>90.69</cx>
                <cy>-78.5833</cy>
            </node>
            <node id="173" type="1">
                <cx>100.9504</cx>
                <cy>-64.8769</cy>
            </node>
            <node id="174" type="1">
                <cx>109.1558</cx>
                <cy>-49.8498</cy>
            </node>
            <node id="175" type="1">
                <cx>115.1392</cx>
                <cy>-33.8079</cy>
            </node>
            <node id="176" type="1">
                <cx>118.7786</cx>
                <cy>-17.0778</cy>
            </node>
            <node id="177" type="1">
                <cx>150.0</cx>
                <cy>0.0</cy>
            </node>
            <node id="178" type="1">
                <cx>148.47321</cx>
                <cy>21.3472</cy>
            </node>
            <node id="179" type="1">
                <cx>143.924</cx>
                <cy>42.2599</cy>
            </node>
            <node id="180" type="1">
                <cx>136.44479</cx>
                <cy>62.3123</cy>
            </node>
            <node id="181" type="1">
                <cx>126.188</cx>
                <cy>81.0961</cy>
            </node>
            <node id="182" type="1">
                <cx>113.3624</cx>
                <cy>98.2291</cy>
            </node>
            <node id="183" type="1">
                <cx>98.2291</cx>
                <cy>113.3624</cy>
            </node>
            <node id="184" type="1">
                <cx>81.0961</cx>
                <cy>126.188</cy>
            </node>
            <node id="185" type="1">
                <cx>62.3122</cx>
                <cy>136.44479</cy>
            </node>
            <node id="186" type="1">
                <cx>42.2599</cx>
                <cy>143.924</cy>
            </node>
            <node id="187" type="1">
                <cx>21.3472</cx>
                <cy>148.47321</cy>
            </node>
            <node id="188" type="1">
                <cx>0.0</cx>
                <cy>150.0</cy>
            </node>
            <node id="189" type="1">
                <cx>-21.3472</cx>
                <cy>148.47321</cy>
            </node>
            <node id="190" type="1">
                <cx>-42.2599</cx>
                <cy>143.924</cy>
            </node>
            <node id="191" type="1">
                <cx>-62.3123</cx>
                <cy>136.44479</cy>
            </node>
            <node id="192" type="1">
                <cx>-81.0961</cx>
                <cy>126.188</cy>
            </node>
            <node id="193" type="1">
                <cx>-98.2291</cx>
                <cy>113.3624</cy>
            </node>
            <node id="194" type="1">
                <cx>-113.3624</cx>
                <cy>98.2291</cy>
            </node>
            <node id="195" type="1">
                <cx>-126.188</cx>
                <cy>81.0961</cy>
            </node>
            <node id="196" type="1">
                <cx>-136.44479</cx>
                <cy>62.3122</cy>
            </node>
            <node id="197" type="1">
                <cx>-143.924</cx>
                <cy>42.2599</cy>
            </node>
            <node id="198" type="1">
                <cx>-148.47321</cx>
                <cy>21.3472</cy>
            </node>
            <node id="199" type="1">
                <cx>-150.0</cx>
                <cy>0.0</cy>
            </node>
            <node id="200" type="1">
                <cx>-148.47321</cx>
                <cy>-21.3472</cy>
            </node>
            <node id="201" type="1">
                <cx>-143.9239</cx>
                <cy>-42.2599</cy>
            </node>
            <node id="202" type="1">
                <cx>-136.44479</cx>
                <cy>-62.3123</cy>
            </node>
            <node id="203" type="1">
                <cx>-126.188</cx>
                <cy>-81.0961</cy>
            </node>
            <node id="204" type="1">
                <cx>-113.3624</cx>
                <cy>-98.2291</cy>
            </node>
            <node id="205" type="1">
                <cx>-98.2291</cx>
                <cy>-113.3624</cy>
            </node>
            <node id="206" type="1">
                <cx>-81.0961</cx>
                <cy>-126.188</cy>
            </node>
            <node id="207" type="1">
                <cx>-62.3122</cx>
                <cy>-136.44479</cy>
            </node>
            <node id="208" type="1">
                <cx>-42.2599</cx>
                <cy>-143.924</cy>
            </node>
            <node id="209" type="1">
                <cx>-21.3472</cx>
                <cy>-148.47321</cy>
            </node>
            <node id="210" type="1">
                <cx>0.0</cx>
                <cy>-150.0</cy>
            </node>
            <node id="211" type="1">
                <cx>21.3472</cx>
                <cy>-148.47321</cy>
            </node>
            <node id="212" type="1">
                <cx>42.2599</cx>
                <cy>-143.9239</cy>
            </node>
            <node id="213" type="1">
                <cx>62.3123</cx>
                <cy>-136.44479</cy>
            </node>
            <node id="214" type="1">
                <cx>81.0961</cx>
                <cy>-126.188</cy>
            </node>
            <node id="215" type="1">
                <cx>98.2291</cx>
                <cy>-113.3624</cy>
            </node>
            <node id="216" type="1">
                <cx>113.3624</cx>
                <cy>-98.2291</cy>
            </node>
            <node id="217" type="1">
                <cx>126.188</cx>
                <cy>-81.0961</cy>
            </node>
            <node id="218" type="1">
                <cx>136.44479</cx>
                <cy>-62.3122</cy>
            </node>
            <node id="219" type="1">
                <cx>143.924</cx>
                <cy>-42.2599</cy>
            </node>
            <node id="220" type="1">
                <cx>148.47321</cx>
                <cy>-21.3472</cy>
            </node>
            <node id="221" type="1">
                <cx>180.0</cx>
                <cy>0.0</cy>
            </node>
            <node id="222" type="1">
                <cx>178.16789</cx>
                <cy>25.6167</cy>
            </node>
            <node id="223" type="1">
                <cx>172.70869</cx>
                <cy>50.7119</cy>
            </node>
            <node id="224" type="1">
                <cx>163.7338</cx>
                <cy>74.7747</cy>
            </node>
            <node id="225" type="1">
                <cx>151.4256</cx>
                <cy>97.3153</cy>
            </node>
            <node id="226" type="1">
                <cx>136.0349</cx>
                <cy>117.8749</cy>
            </node>
            <node id="227" type="1">
                <cx>117.8749</cx>
                <cy>136.0349</cy>
            </node>
            <node id="228" type="1">
                <cx>97.3153</cx>
                <cy>151.4256</cy>
            </node>
            <node id="229" type="1">
                <cx>74.7747</cx>
                <cy>163.7338</cy>
            </node>
            <node id="230" type="1">
                <cx>50.7119</cx>
                <cy>172.70869</cy>
            </node>
            <node id="231" type="1">
                <cx>25.6167</cx>
                <cy>178.16789</cy>
            </node>
            <node id="232" type="1">
                <cx>0.0</cx>
                <cy>180.0</cy>
            </node>
            <node id="233" type="1">
                <cx>-25.6167</cx>
                <cy>178.16789</cy>
            </node>
            <node id="234" type="1">
                <cx>-50.7119</cx>
                <cy>172.70869</cy>
            </node>
            <node id="235" type="1">
                <cx>-74.7747</cx>
                <cy>163.7337</cy>
            </node>
            <node id="236" type="1">
                <cx>-97.3154</cx>
                <cy>151.4256</cy>
            </node>
            <node id="237" type="1">
                <cx>-117.8749</cx>
                <cy>136.0349</cy>
            </node>
            <node id="238" type="1">
                <cx>-136.0349</cx>
                <cy>117.8749</cy>
            </node>
            <node id="239" type="1">
                <cx>-151.4256</cx>
                <cy>97.3153</cy>
            </node>
            <node id="240" type="1">
                <cx>-163.7338</cx>
                <cy>74.7747</cy>
            </node>
            <node id="241" type="1">
                <cx>-172.70869</cx>
                <cy>50.7118</cy>
            </node>
            <node id="242" type="1">
                <cx>-178.16789</cx>
                <cy>25.6167</cy>
            </node>
            <node id="243" type="1">
                <cx>-180.0</cx>
                <cy>0.0</cy>
            </node>
            <node id="244" type="1">
                <cx>-178.16789</cx>
                <cy>-25.6167</cy>
            </node>
            <node id="245" type="1">
                <cx>-172.70869</cx>
                <cy>-50.7119</cy>
            </node>
            <node id="246" type="1">
                <cx>-163.7337</cx>
                <cy>-74.7747</cy>
            </node>
            <node id="247" type="1">
                <cx>-151.4256</cx>
                <cy>-97.3154</cy>
            </node>
            <node id="248" type="1">
                <cx>-136.0349</cx>
                <cy>-117.8749</cy>
            </node>
            <node id="249" type="1">
                <cx>-117.8749</cx>
                <cy>-136.0349</cy>
            </node>
            <node id="250" type="1">
                <cx>-97.3153</cx>
                <cy>-151.4256</cy>
            </node>
            <node id="251" type="1">
                <cx>-74.7747</cx>
                <cy>-163.7338</cy>
            </node>
            <node id="252" type="1">
                <cx>-50.7118</cx>
                <cy>-172.70869</cy>
            </node>
            <node id="253" type="1">
                <cx>-25.6166</cx>
                <cy>-178.16789</cy>
            </node>
            <node id="254" type="1">
                <cx>0.0</cx>
                <cy>-180.0</cy>
            </node>
            <node id="255" type="1">
                <cx>25.6167</cx>
                <cy>-178.16789</cy>
            </node>
            <node id="256" type="1">
                <cx>50.7119</cx>
                <cy>-172.70869</cy>
            </node>
            <node id="257" type="1">
                <cx>74.7747</cx>
                <cy>-163.7337</cy>
            </node>
            <node id="258" type="1">
                <cx>97.3154</cx>
                <cy>-151.4256</cy>
            </node>
            <node id="259" type="1">
                <cx>117.875</cx>
                <cy>-136.0349</cy>
            </node>
            <node id="260" type="1">
                <cx>136.0349</cx>
                <cy>-117.8749</cy>
            </node>
            <node id="261" type="1">
                <cx>151.4256</cx>
                <cy>-97.3153</cy>
            </node>
            <node id="262" type="1">
                <cx>163.7338</cx>
                <cy>-74.7747</cy>
            </node>
            <node id="263" type="1">
                <cx>172.70869</cx>
                <cy>-50.7118</cy>
            </node>
            <node id="264" type="1">
                <cx>178.16789</cx>
                <cy>-25.6166</cy>
            </node>
            <node id="265" type="1">
                <cx>210.0</cx>
                <cy>0.0</cy>
            </node>
            <node id="266" type="1">
                <cx>207.8625</cx>
                <cy>29.8861</cy>
            </node>
            <node id="267" type="1">
                <cx>201.4935</cx>
                <cy>59.1638</cy>
            </node>
            <node id="268" type="1">
                <cx>191.02271</cx>
                <cy>87.2372</cy>
            </node>
            <node id="269" type="1">
                <cx>176.66319</cx>
                <cy>113.5346</cy>
            </node>
            <node id="270" type="1">
                <cx>158.7074</cx>
                <cy>137.5208</cy>
            </node>
            <node id="271" type="1">
                <cx>137.5208</cx>
                <cy>158.7074</cy>
            </node>
            <node id="272" type="1">
                <cx>113.5346</cx>
                <cy>176.66319</cy>
            </node>
            <node id="273" type="1">
                <cx>87.2371</cx>
                <cy>191.02271</cy>
            </node>
            <node id="274" type="1">
                <cx>59.1638</cx>
                <cy>201.4935</cy>
            </node>
            <node id="275" type="1">
                <cx>29.8861</cx>
                <cy>207.8625</cy>
            </node>
            <node id="276" type="1">
                <cx>0.0</cx>
                <cy>210.0</cy>
            </node>
            <node id="277" type="1">
                <cx>-29.8861</cx>
                <cy>207.8625</cy>
            </node>
            <node id="278" type="1">
                <cx>-59.1638</cx>
                <cy>201.4935</cy>
            </node>
            <node id="279" type="1">
                <cx>-87.2372</cx>
                <cy>191.02271</cy>
            </node>
            <node id="280" type="1">
                <cx>-113.5346</cx>
                <cy>176.66319</cy>
            </node>
            <node id="281" type="1">
                <cx>-137.5208</cx>
                <cy>158.7074</cy>
            </node>
            <node id="282" type="1">
                <cx>-158.7074</cx>
                <cy>137.52071</cy>
            </node>
            <node id="283" type="1">
                <cx>-176.6633</cx>
                <cy>113.5346</cy>
            </node>
            <node id="284" type="1">
                <cx>-191.02271</cx>
                <cy>87.2371</cy>
            </node>
            <node id="285" type="1">
                <cx>-201.4935</cx>
                <cy>59.1638</cy>
            </node>
            <node id="286" type="1">
                <cx>-207.8625</cx>
                <cy>29.8861</cy>
            </node>
            <node id="287" type="1">
                <cx>-210.0</cx>
                <cy>0.0</cy>
            </node>
            <node id="288" type="1">
                <cx>-207.8625</cx>
                <cy>-29.8861</cy>
            </node>
            <node id="289" type="1">
                <cx>-201.4935</cx>
                <cy>-59.1639</cy>
            </node>
            <node id="290" type="1">
                <cx>-191.02271</cx>
                <cy>-87.2372</cy>
            </node>
            <node id="291" type="1">
                <cx>-176.66319</cx>
                <cy>-113.5346</cy>
            </node>
            <node id="292" type="1">
                <cx>-158.7074</cx>
                <cy>-137.5208</cy>
            </node>
            <node id="293" type="1">
                <cx>-137.52071</cx>
                <cy>-158.7074</cy>
            </node>
            <node id="294" type="1">
                <cx>-113.5346</cx>
                <cy>-176.6633</cy>
            </node>
            <node id="295" type="1">
                <cx>-87.2371</cx>
                <cy>-191.02271</cy>
            </node>
            <node id="296" type="1">
                <cx>-59.1638</cx>
                <cy>-201.4935</cy>
            </node>
            <node id="297" type="1">
                <cx>-29.8861</cx>
                <cy>-207.8625</cy>
            </node>
            <node id="298" type="1">
                <cx>0.0</cx>
                <cy>-210.0</cy>
            </node>
            <node id="299" type="1">
                <cx>29.8861</cx>
                <cy>-207.8625</cy>
            </node>
            <node id="300" type="1">
                <cx>59.1639</cx>
                <cy>-201.4935</cy>
            </node>
            <node id="301" type="1">
                <cx>87.2372</cx>
                <cy>-191.02271</cy>
            </node>
            <node id="302" type="1">
                <cx>113.5346</cx>
                <cy>-176.66319</cy>
            </node>
            <node id="303" type="1">
                <cx>137.5208</cx>
                <cy>-158.7074</cy>
            </node>
            <node id="304" type="1">
                <cx>158.7074</cx>
                <cy>-137.52071</cy>
            </node>
            <node id="305" type="1">
                <cx>176.6633</cx>
                <cy>-113.5345</cy>
            </node>
            <node id="306" type="1">
                <cx>191.02271</cx>
                <cy>-87.2371</cy>
            </node>
            <node id="307" type="1">
                <cx>201.4935</cx>
                <cy>-59.1638</cy>
            </node>
            <node id="308" type="1">
                <cx>207.8625</cx>
                <cy>-29.8861</cy>
            </node>
            <node id="309" type="1">
                <cx>240.0</cx>
                <cy>0.0</cy>
            </node>
            <node id="310" type="1">
                <cx>237.5571</cx>
                <cy>34.1556</cy>
            </node>
            <node id="311" type="1">
                <cx>230.27831</cx>
                <cy>67.6158</cy>
            </node>
            <node id="312" type="1">
                <cx>218.31171</cx>
                <cy>99.6996</cy>
            </node>
            <node id="313" type="1">
                <cx>201.9008</cx>
                <cy>129.7538</cy>
            </node>
            <node id="314" type="1">
                <cx>181.3799</cx>
                <cy>157.1666</cy>
            </node>
            <node id="315" type="1">
                <cx>157.1666</cx>
                <cy>181.3799</cy>
            </node>
            <node id="316" type="1">
                <cx>129.7538</cx>
                <cy>201.9008</cy>
            </node>
            <node id="317" type="1">
                <cx>99.6996</cx>
                <cy>218.31171</cy>
            </node>
            <node id="318" type="1">
                <cx>67.6158</cx>
                <cy>230.27831</cy>
            </node>
            <node id="319" type="1">
                <cx>34.1556</cx>
                <cy>237.5571</cy>
            </node>
            <node id="320" type="1">
                <cx>0.0</cx>
                <cy>240.0</cy>
            </node>
            <node id="321" type="1">
                <cx>-34.1556</cx>
                <cy>237.5571</cy>
            </node>
            <node id="322" type="1">
                <cx>-67.6158</cx>
                <cy>230.27831</cy>
            </node>
            <node id="323" type="1">
                <cx>-99.6996</cx>
                <cy>218.31171</cy>
            </node>
            <node id="324" type="1">
                <cx>-129.7538</cx>
                <cy>201.9008</cy>
            </node>
            <node id="325" type="1">
                <cx>-157.1666</cx>
                <cy>181.3799</cy>
            </node>
            <node id="326" type="1">
                <cx>-181.3799</cx>
                <cy>157.1666</cy>
            </node>
            <node id="327" type="1">
                <cx>-201.90089</cx>
                <cy>129.7538</cy>
            </node>
            <node id="328" type="1">
                <cx>-218.31171</cx>
                <cy>99.6996</cy>
            </node>
            <node id="329" type="1">
                <cx>-230.27831</cx>
                <cy>67.6158</cy>
            </node>
            <node id="330" type="1">
                <cx>-237.5571</cx>
                <cy>34.1555</cy>
            </node>
            <node id="331" type="1">
                <cx>-240.0</cx>
                <cy>0.0</cy>
            </node>
            <node id="332" type="1">
                <cx>-237.5571</cx>
                <cy>-34.1556</cy>
            </node>
            <node id="333" type="1">
                <cx>-230.27831</cx>
                <cy>-67.6158</cy>
            </node>
            <node id="334" type="1">
                <cx>-218.31171</cx>
                <cy>-99.6996</cy>
            </node>
            <node id="335" type="1">
                <cx>-201.9008</cx>
                <cy>-129.7538</cy>
            </node>
            <node id="336" type="1">
                <cx>-181.3799</cx>
                <cy>-157.1666</cy>
            </node>
            <node id="337" type="1">
                <cx>-157.1665</cx>
                <cy>-181.3799</cy>
            </node>
            <node id="338" type="1">
                <cx>-129.7538</cx>
                <cy>-201.90089</cy>
            </node>
            <node id="339" type="1">
                <cx>-99.6996</cx>
                <cy>-218.31171</cy>
            </node>
            <node id="340" type="1">
                <cx>-67.6158</cx>
                <cy>-230.27831</cy>
            </node>
            <node id="341" type="1">
                <cx>-34.1555</cx>
                <cy>-237.5571</cy>
            </node>
            <node id="342" type="1">
                <cx>0.0</cx>
                <cy>-240.0</cy>
            </node>
            <node id="343" type="1">
                <cx>34.1556</cx>
                <cy>-237.5571</cy>
            </node>
            <node id="344" type="1">
                <cx>67.6158</cx>
                <cy>-230.27831</cy>
            </node>
            <node id="345" type="1">
                <cx>99.6996</cx>
                <cy>-218.31171</cy>
            </node>
            <node id="346" type="1">
                <cx>129.7538</cx>
                <cy>-201.9008</cy>
            </node>
            <node id="347" type="1">
                <cx>157.1666</cx>
                <cy>-181.3799</cy>
            </node>
            <node id="348" type="1">
                <cx>181.3799</cx>
                <cy>-157.1665</cy>
            </node>
            <node id="349" type="1">
                <cx>201.90089</cx>
                <cy>-129.7538</cy>
            </node>
            <node id="350" type="1">
                <cx>218.31171</cx>
                <cy>-99.6996</cy>
            </node>
            <node id="351" type="1">
                <cx>230.27831</cx>
                <cy>-67.6158</cy>
            </node>
            <node id="352" type="1">
                <cx>237.55721</cx>
                <cy>-34.1555</cy>
            </node>
            <node id="353" type="1">
                <cx>270.0</cx>
                <cy>0.0</cy>
            </node>
            <node id="354" type="1">
                <cx>267.2518</cx>
                <cy>38.425</cy>
            </node>
            <node id="355" type="1">
                <cx>259.06311</cx>
                <cy>76.0678</cy>
            </node>
            <node id="356" type="1">
                <cx>245.6006</cx>
                <cy>112.1621</cy>
            </node>
            <node id="357" type="1">
                <cx>227.1385</cx>
                <cy>145.97301</cy>
            </node>
            <node id="358" type="1">
                <cx>204.0524</cx>
                <cy>176.81239</cy>
            </node>
            <node id="359" type="1">
                <cx>176.81239</cx>
                <cy>204.0524</cy>
            </node>
            <node id="360" type="1">
                <cx>145.97301</cx>
                <cy>227.1385</cy>
            </node>
            <node id="361" type="1">
                <cx>112.162</cx>
                <cy>245.6006</cy>
            </node>
            <node id="362" type="1">
                <cx>76.0678</cx>
                <cy>259.06311</cy>
            </node>
            <node id="363" type="1">
                <cx>38.425</cx>
                <cy>267.2518</cy>
            </node>
            <node id="364" type="1">
                <cx>0.0</cx>
                <cy>270.0</cy>
            </node>
            <node id="365" type="1">
                <cx>-38.425</cx>
                <cy>267.2518</cy>
            </node>
            <node id="366" type="1">
                <cx>-76.0678</cx>
                <cy>259.06311</cy>
            </node>
            <node id="367" type="1">
                <cx>-112.1621</cx>
                <cy>245.6006</cy>
            </node>
            <node id="368" type="1">
                <cx>-145.97301</cx>
                <cy>227.1384</cy>
            </node>
            <node id="369" type="1">
                <cx>-176.81239</cx>
                <cy>204.0524</cy>
            </node>
            <node id="370" type="1">
                <cx>-204.0524</cx>
                <cy>176.81239</cy>
            </node>
            <node id="371" type="1">
                <cx>-227.1385</cx>
                <cy>145.97301</cy>
            </node>
            <node id="372" type="1">
                <cx>-245.6006</cx>
                <cy>112.162</cy>
            </node>
            <node id="373" type="1">
                <cx>-259.06311</cx>
                <cy>76.0678</cy>
            </node>
            <node id="374" type="1">
                <cx>-267.2518</cx>
                <cy>38.425</cy>
            </node>
            <node id="375" type="1">
                <cx>-270.0</cx>
                <cy>0.0</cy>
            </node>
            <node id="376" type="1">
                <cx>-267.2518</cx>
                <cy>-38.425</cy>
            </node>
            <node id="377" type="1">
                <cx>-259.06311</cx>
                <cy>-76.0678</cy>
            </node>
            <node id="378" type="1">
                <cx>-245.6006</cx>
                <cy>-112.1621</cy>
            </node>
            <node id="379" type="1">
                <cx>-227.1384</cx>
                <cy>-145.97301</cy>
            </node>
            <node id="380" type="1">
                <cx>-204.0524</cx>
                <cy>-176.81239</cy>
            </node>
            <node id="381" type="1">
                <cx>-176.81239</cx>
                <cy>-204.0524</cy>
            </node>
            <node id="382" type="1">
                <cx>-145.97301</cx>
                <cy>-227.1385</cy>
            </node>
            <node id="383" type="1">
                <cx>-112.162</cx>
                <cy>-245.6006</cy>
            </node>
            <node id="384" type="1">
                <cx>-76.0678</cx>
                <cy>-259.06311</cy>
            </node>
            <node id="385" type="1">
                <cx>-38.425</cx>
                <cy>-267.2518</cy>
            </node>
            <node id="386" type="1">
                <cx>0.0</cx>
                <cy>-270.0</cy>
            </node>
            <node id="387" type="1">
                <cx>38.425</cx>
                <cy>-267.2518</cy>
            </node>
            <node id="388" type="1">
                <cx>76.0678</cx>
                <cy>-259.06311</cy>
            </node>
            <node id="389" type="1">
                <cx>112.1621</cx>
                <cy>-245.6006</cy>
            </node>
            <node id="390" type="1">
                <cx>145.9731</cx>
                <cy>-227.1384</cy>
            </node>
            <node id="391" type="1">
                <cx>176.81239</cx>
                <cy>-204.0524</cy>
            </node>
            <node id="392" type="1">
                <cx>204.0524</cx>
                <cy>-176.81239</cy>
            </node>
            <node id="393" type="1">
                <cx>227.1385</cx>
                <cy>-145.97301</cy>
            </node>
            <node id="394" type="1">
                <cx>245.60069</cx>
                <cy>-112.162</cy>
            </node>
            <node id="395" type="1">
                <cx>259.06311</cx>
                <cy>-76.0677</cy>
            </node>
            <node id="396" type="1">
                <cx>267.2518</cx>
                <cy>-38.425</cy>
            </node>
            <node id="397" type="1">
                <cx>300.0</cx>
                <cy>0.0</cy>
            </node>
            <node id="398" type="1">
                <cx>296.94641</cx>
                <cy>42.6945</cy>
            </node>
            <node id="399" type="1">
                <cx>287.8479</cx>
                <cy>84.5198</cy>
            </node>
            <node id="400" type="1">
                <cx>272.88959</cx>
                <cy>124.6245</cy>
            </node>
            <node id="401" type="1">
                <cx>252.3761</cx>
                <cy>162.1922</cy>
            </node>
            <node id="402" type="1">
                <cx>226.7249</cx>
                <cy>196.45821</cy>
            </node>
            <node id="403" type="1">
                <cx>196.45821</cx>
                <cy>226.7249</cy>
            </node>
            <node id="404" type="1">
                <cx>162.1922</cx>
                <cy>252.3761</cy>
            </node>
            <node id="405" type="1">
                <cx>124.6245</cx>
                <cy>272.88959</cy>
            </node>
            <node id="406" type="1">
                <cx>84.5198</cx>
                <cy>287.8479</cy>
            </node>
            <node id="407" type="1">
                <cx>42.6944</cx>
                <cy>296.94641</cy>
            </node>
            <node id="408" type="1">
                <cx>0.0</cx>
                <cy>300.0</cy>
            </node>
            <node id="409" type="1">
                <cx>-42.6945</cx>
                <cy>296.94641</cy>
            </node>
            <node id="410" type="1">
                <cx>-84.5198</cx>
                <cy>287.8479</cy>
            </node>
            <node id="411" type="1">
                <cx>-124.6245</cx>
                <cy>272.88959</cy>
            </node>
            <node id="412" type="1">
                <cx>-162.19231</cx>
                <cy>252.3761</cy>
            </node>
            <node id="413" type="1">
                <cx>-196.45821</cx>
                <cy>226.7249</cy>
            </node>
            <node id="414" type="1">
                <cx>-226.7249</cx>
                <cy>196.45821</cy>
            </node>
            <node id="415" type="1">
                <cx>-252.3761</cx>
                <cy>162.1922</cy>
            </node>
            <node id="416" type="1">
                <cx>-272.88959</cx>
                <cy>124.6245</cy>
            </node>
            <node id="417" type="1">
                <cx>-287.8479</cx>
                <cy>84.5197</cy>
            </node>
            <node id="418" type="1">
                <cx>-296.94641</cx>
                <cy>42.6944</cy>
            </node>
            <node id="419" type="1">
                <cx>-300.0</cx>
                <cy>0.0</cy>
            </node>
            <node id="420" type="1">
                <cx>-296.94641</cx>
                <cy>-42.6945</cy>
            </node>
            <node id="421" type="1">
                <cx>-287.8479</cx>
                <cy>-84.5198</cy>
            </node>
            <node id="422" type="1">
                <cx>-272.88959</cx>
                <cy>-124.6245</cy>
            </node>
            <node id="423" type="1">
                <cx>-252.37601</cx>
                <cy>-162.19231</cy>
            </node>
            <node id="424" type="1">
                <cx>-226.7249</cx>
                <cy>-196.4583</cy>
            </node>
            <node id="425" type="1">
                <cx>-196.45821</cx>
                <cy>-226.7249</cy>
            </node>
            <node id="426" type="1">
                <cx>-162.1922</cx>
                <cy>-252.3761</cy>
            </node>
            <node id="427" type="1">
                <cx>-124.6245</cx>
                <cy>-272.88959</cy>
            </node>
            <node id="428" type="1">
                <cx>-84.5197</cx>
                <cy>-287.8479</cy>
            </node>
            <node id="429" type="1">
                <cx>-42.6944</cx>
                <cy>-296.94641</cy>
            </node>
            <node id="430" type="1">
                <cx>0.0</cx>
                <cy>-300.0</cy>
            </node>
            <node id="431" type="1">
                <cx>42.6945</cx>
                <cy>-296.94641</cy>
            </node>
            <node id="432" type="1">
                <cx>84.5198</cx>
                <cy>-287.8479</cy>
            </node>
            <node id="433" type="1">
                <cx>124.6245</cx>
                <cy>-272.88959</cy>
            </node>
            <node id="434" type="1">
                <cx>162.19231</cx>
                <cy>-252.37601</cy>
            </node>
            <node id="435" type="1">
                <cx>196.4583</cx>
                <cy>-226.72479</cy>
            </node>
            <node id="436" type="1">
                <cx>226.7249</cx>
                <cy>-196.45821</cy>
            </node>
            <node id="437" type="1">
                <cx>252.3761</cx>
                <cy>-162.1922</cy>
            </node>
            <node id="438" type="1">
                <cx>272.88959</cx>
                <cy>-124.6245</cy>
            </node>
            <node id="439" type="1">
                <cx>287.8479</cx>
                <cy>-84.5197</cy>
            </node>
            <node id="440" type="1">
                <cx>296.94641</cx>
                <cy>-42.6944</cy>
            </node>
            <node id="441" type="0">
                <cx>0.0</cx>
                <cy>0.0</cy>
            </node>
        </nodes>
        <euclidean/>
        <decimals>0</decimals>
    </network>
    <fleet>
        <vehicle_profile type="0">
            <departure_node>441</departure_node>
            <arrival_node>441</arrival_node>
            <capacity>900.0</capacity>
        </vehicle_profile>
    </fleet>
    <requests>
        <request id="0" node="1">
            <quantity>10.0</quantity>
        </request>
        <request id="1" node="2">
            <quantity>30.0</quantity>
        </request>
        <request id="2" node="3">
            <quantity>30.0</quantity>
        </request>
        <request id="3" node="4">
            <quantity>10.0</quantity>
        </request>
        <request id="4" node="5">
            <quantity>10.0</quantity>
        </request>
        <request id="5" node="6">
            <quantity>30.0</quantity>
        </request>
        <request id="6" node="7">
            <quantity>30.0</quantity>
        </request>
        <request id="7" node="8">
            <quantity>10.0</quantity>
        </request>
        <request id="8" node="9">
            <quantity>10.0</quantity>
        </request>
        <request id="9" node="10">
            <quantity>30.0</quantity>
        </request>
        <request id="10" node="11">
            <quantity>30.0</quantity>
        </request>
        <request id="11" node="12">
            <quantity>10.0</quantity>
        </request>
        <request id="12" node="13">
            <quantity>10.0</quantity>
        </request>
        <request id="13" node="14">
            <quantity>30.0</quantity>
        </request>
        <request id="14" node="15">
            <quantity>30.0</quantity>
        </request>
        <request id="15" node="16">
            <quantity>10.0</quantity>
        </request>
        <request id="16" node="17">
            <quantity>10.0</quantity>
        </request>
        <request id="17" node="18">
            <quantity>30.0</quantity>
        </request>
        <request id="18" node="19">
            <quantity>30.0</quantity>
        </request>
        <request id="19" node="20">
            <quantity>10.0</quantity>
        </request>
        <request id="20" node="21">
            <quantity>10.0</quantity>
        </request>
        <request id="21" node="22">
            <quantity>30.0</quantity>
        </request>
        <request id="22" node="23">
            <quantity>30.0</quantity>
        </request>
        <request id="23" node="24">
            <quantity>10.0</quantity>
        </request>
        <request id="24" node="25">
            <quantity>10.0</quantity>
        </request>
        <request id="25" node="26">
            <quantity>30.0</quantity>
        </request>
        <request id="26" node="27">
            <quantity>30.0</quantity>
        </request>
        <request id="27" node="28">
            <quantity>10.0</quantity>
        </request>
        <request id="28" node="29">
            <quantity>10.0</quantity>
        </request>
        <request id="29" node="30">
            <quantity>30.0</quantity>
        </request>
        <request id="30" node="31">
            <quantity>30.0</quantity>
        </request>
        <request id="31" node="32">
            <quantity>10.0</quantity>
        </request>
        <request id="32" node="33">
            <quantity>10.0</quantity>
        </request>
        <request id="33" node="34">
            <quantity>30.0</quantity>
        </request>
        <request id="34" node="35">
            <quantity>30.0</quantity>
        </request>
        <request id="35" node="36">
            <quantity>10.0</quantity>
        </request>
        <request id="36" node="37">
            <quantity>10.0</quantity>
        </request>
        <request id="37" node="38">
            <quantity>30.0</quantity>
        </request>
        <request id="38" node="39">
            <quantity>30.0</quantity>
        </request>
        <request id="39" node="40">
            <quantity>10.0</quantity>
        </request>
        <request id="40" node="41">
            <quantity>10.0</quantity>
        </request>
        <request id="41" node="42">
            <quantity>30.0</quantity>
        </request>
        <request id="42" node="43">
            <quantity>30.0</quantity>
        </request>
        <request id="43" node="44">
            <quantity>10.0</quantity>
        </request>
        <request id="44" node="45">
            <quantity>10.0</quantity>
        </request>
        <request id="45" node="46">
            <quantity>30.0</quantity>
        </request>
        <request id="46" node="47">
            <quantity>30.0</quantity>
        </request>
        <request id="47" node="48">
            <quantity>10.0</quantity>
        </request>
        <request id="48" node="49">
            <quantity>10.0</quantity>
        </request>
        <request id="49" node="50">
            <quantity>30.0</quantity>
        </request>
        <request id="50" node="51">
            <quantity>30.0</quantity>
        </request>
        <request id="51" node="52">
            <quantity>10.0</quantity>
        </request>
        <request id="52" node="53">
            <quantity>10.0</quantity>
        </request>
        <request id="53" node="54">
            <quantity>30.0</quantity>
        </request>
        <request id="54" node="55">
            <quantity>30.0</quantity>
        </request>
        <request id="55" node="56">
            <quantity>10.0</quantity>
        </request>
        <request id="56" node="57">
            <quantity>10.0</quantity>
        </request>
        <request id="57" node="58">
            <quantity>30.0</quantity>
        </request>
        <request id="58" node="59">
            <quantity>30.0</quantity>
        </request>
        <request id="59" node="60">
            <quantity>10.0</quantity>
        </request>
        <request id="60" node="61">
            <quantity>10.0</quantity>
        </request>
        <request id="61" node="62">
            <quantity>30.0</quantity>
        </request>
        <request id="62" node="63">
            <quantity>30.0</quantity>
        </request>
        <request id="63" node="64">
            <quantity>10.0</quantity>
        </request>
        <request id="64" node="65">
            <quantity>10.0</quantity>
        </request>
        <request id="65" node="66">
            <quantity>30.0</quantity>
        </request>
        <request id="66" node="67">
            <quantity>30.0</quantity>
        </request>
        <request id="67" node="68">
            <quantity>10.0</quantity>
        </request>
        <request id="68" node="69">
            <quantity>10.0</quantity>
        </request>
        <request id="69" node="70">
            <quantity>30.0</quantity>
        </request>
        <request id="70" node="71">
            <quantity>30.0</quantity>
        </request>
        <request id="71" node="72">
            <quantity>10.0</quantity>
        </request>
        <request id="72" node="73">
            <quantity>10.0</quantity>
        </request>
        <request id="73" node="74">
            <quantity>30.0</quantity>
        </request>
        <request id="74" node="75">
            <quantity>30.0</quantity>
        </request>
        <request id="75" node="76">
            <quantity>10.0</quantity>
        </request>
        <request id="76" node="77">
            <quantity>10.0</quantity>
        </request>
        <request id="77" node="78">
            <quantity>30.0</quantity>
        </request>
        <request id="78" node="79">
            <quantity>30.0</quantity>
        </request>
        <request id="79" node="80">
            <quantity>10.0</quantity>
        </request>
        <request id="80" node="81">
            <quantity>10.0</quantity>
        </request>
        <request id="81" node="82">
            <quantity>30.0</quantity>
        </request>
        <request id="82" node="83">
            <quantity>30.0</quantity>
        </request>
        <request id="83" node="84">
            <quantity>10.0</quantity>
        </request>
        <request id="84" node="85">
            <quantity>10.0</quantity>
        </request>
        <request id="85" node="86">
            <quantity>30.0</quantity>
        </request>
        <request id="86" node="87">
            <quantity>30.0</quantity>
        </request>
        <request id="87" node="88">
            <quantity>10.0</quantity>
        </request>
        <request id="88" node="89">
            <quantity>10.0</quantity>
        </request>
        <request id="89" node="90">
            <quantity>30.0</quantity>
        </request>
        <request id="90" node="91">
            <quantity>30.0</quantity>
        </request>
        <request id="91" node="92">
            <quantity>10.0</quantity>
        </request>
        <request id="92" node="93">
            <quantity>10.0</quantity>
        </request>
        <request id="93" node="94">
            <quantity>30.0</quantity>
        </request>
        <request id="94" node="95">
            <quantity>30.0</quantity>
        </request>
        <request id="95" node="96">
            <quantity>10.0</quantity>
        </request>
        <request id="96" node="97">
            <quantity>10.0</quantity>
        </request>
        <request id="97" node="98">
            <quantity>30.0</quantity>
        </request>
        <request id="98" node="99">
            <quantity>30.0</quantity>
        </request>
        <request id="99" node="100">
            <quantity>10.0</quantity>
        </request>
        <request id="100" node="101">
            <quantity>10.0</quantity>
        </request>
        <request id="101" node="102">
            <quantity>30.0</quantity>
        </request>
        <request id="102" node="103">
            <quantity>30.0</quantity>
        </request>
        <request id="103" node="104">
            <quantity>10.0</quantity>
        </request>
        <request id="104" node="105">
            <quantity>10.0</quantity>
        </request>
        <request id="105" node="106">
            <quantity>30.0</quantity>
        </request>
        <request id="106" node="107">
            <quantity>30.0</quantity>
        </request>
        <request id="107" node="108">
            <quantity>10.0</quantity>
        </request>
        <request id="108" node="109">
            <quantity>10.0</quantity>
        </request>
        <request id="109" node="110">
            <quantity>30.0</quantity>
        </request>
        <request id="110" node="111">
            <quantity>30.0</quantity>
        </request>
        <request id="111" node="112">
            <quantity>10.0</quantity>
        </request>
        <request id="112" node="113">
            <quantity>10.0</quantity>
        </request>
        <request id="113" node="114">
            <quantity>30.0</quantity>
        </request>
        <request id="114" node="115">
            <quantity>30.0</quantity>
        </request>
        <request id="115" node="116">
            <quantity>10.0</quantity>
        </request>
        <request id="116" node="117">
            <quantity>10.0</quantity>
        </request>
        <request id="117" node="118">
            <quantity>30.0</quantity>
        </request>
        <request id="118" node="119">
            <quantity>30.0</quantity>
        </request>
        <request id="119" node="120">
            <quantity>10.0</quantity>
        </request>
        <request id="120" node="121">
            <quantity>10.0</quantity>
        </request>
        <request id="121" node="122">
            <quantity>30.0</quantity>
        </request>
        <request id="122" node="123">
            <quantity>30.0</quantity>
        </request>
        <request id="123" node="124">
            <quantity>10.0</quantity>
        </request>
        <request id="124" node="125">
            <quantity>10.0</quantity>
        </request>
        <request id="125" node="126">
            <quantity>30.0</quantity>
        </request>
        <request id="126" node="127">
            <quantity>30.0</quantity>
        </request>
        <request id="127" node="128">
            <quantity>10.0</quantity>
        </request>
        <request id="128" node="129">
            <quantity>10.0</quantity>
        </request>
        <request id="129" node="130">
            <quantity>30.0</quantity>
        </request>
        <request id="130" node="131">
            <quantity>30.0</quantity>
        </request>
        <request id="131" node="132">
            <quantity>10.0</quantity>
        </request>
        <request id="132" node="133">
            <quantity>10.0</quantity>
        </request>
        <request id="133" node="134">
            <quantity>30.0</quantity>
        </request>
        <request id="134" node="135">
            <quantity>30.0</quantity>
        </request>
        <request id="135" node="136">
            <quantity>10.0</quantity>
        </request>
        <request id="136" node="137">
            <quantity>10.0</quantity>
        </request>
        <request id="137" node="138">
            <quantity>30.0</quantity>
        </request>
        <request id="138" node="139">
            <quantity>30.0</quantity>
        </request>
        <request id="139" node="140">
            <quantity>10.0</quantity>
        </request>
        <request id="140" node="141">
            <quantity>10.0</quantity>
        </request>
        <request id="141" node="142">
            <quantity>30.0</quantity>
        </request>
        <request id="142" node="143">
            <quantity>30.0</quantity>
        </request>
        <request id="143" node="144">
            <quantity>10.0</quantity>
        </request>
        <request id="144" node="145">
            <quantity>10.0</quantity>
        </request>
        <request id="145" node="146">
            <quantity>30.0</quantity>
        </request>
        <request id="146" node="147">
            <quantity>30.0</quantity>
        </request>
        <request id="147" node="148">
            <quantity>10.0</quantity>
        </request>
        <request id="148" node="149">
            <quantity>10.0</quantity>
        </request>
        <request id="149" node="150">
            <quantity>30.0</quantity>
        </request>
        <request id="150" node="151">
            <quantity>30.0</quantity>
        </request>
        <request id="151" node="152">
            <quantity>10.0</quantity>
        </request>
        <request id="152" node="153">
            <quantity>10.0</quantity>
        </request>
        <request id="153" node="154">
            <quantity>30.0</quantity>
        </request>
        <request id="154" node="155">
            <quantity>30.0</quantity>
        </request>
        <request id="155" node="156">
            <quantity>10.0</quantity>
        </request>
        <request id="156" node="157">
            <quantity>10.0</quantity>
        </request>
        <request id="157" node="158">
            <quantity>30.0</quantity>
        </request>
        <request id="158" node="159">
            <quantity>30.0</quantity>
        </request>
        <request id="159" node="160">
            <quantity>10.0</quantity>
        </request>
        <request id="160" node="161">
            <quantity>10.0</quantity>
        </request>
        <request id="161" node="162">
            <quantity>30.0</quantity>
        </request>
        <request id="162" node="163">
            <quantity>30.0</quantity>
        </request>
        <request id="163" node="164">
            <quantity>10.0</quantity>
        </request>
        <request id="164" node="165">
            <quantity>10.0</quantity>
        </request>
        <request id="165" node="166">
            <quantity>30.0</quantity>
        </request>
        <request id="166" node="167">
            <quantity>30.0</quantity>
        </request>
        <request id="167" node="168">
            <quantity>10.0</quantity>
        </request>
        <request id="168" node="169">
            <quantity>10.0</quantity>
        </request>
        <request id="169" node="170">
            <quantity>30.0</quantity>
        </request>
        <request id="170" node="171">
            <quantity>30.0</quantity>
        </request>
        <request id="171" node="172">
            <quantity>10.0</quantity>
        </request>
        <request id="172" node="173">
            <quantity>10.0</quantity>
        </request>
        <request id="173" node="174">
            <quantity>30.0</quantity>
        </request>
        <request id="174" node="175">
            <quantity>30.0</quantity>
        </request>
        <request id="175" node="176">
            <quantity>10.0</quantity>
        </request>
        <request id="176" node="177">
            <quantity>10.0</quantity>
        </request>
        <request id="177" node="178">
            <quantity>30.0</quantity>
        </request>
        <request id="178" node="179">
            <quantity>30.0</quantity>
        </request>
        <request id="179" node="180">
            <quantity>10.0</quantity>
        </request>
        <request id="180" node="181">
            <quantity>10.0</quantity>
        </request>
        <request id="181" node="182">
            <quantity>30.0</quantity>
        </request>
        <request id="182" node="183">
            <quantity>30.0</quantity>
        </request>
        <request id="183" node="184">
            <quantity>10.0</quantity>
        </request>
        <request id="184" node="185">
            <quantity>10.0</quantity>
        </request>
        <request id="185" node="186">
            <quantity>30.0</quantity>
        </request>
        <request id="186" node="187">
            <quantity>30.0</quantity>
        </request>
        <request id="187" node="188">
            <quantity>10.0</quantity>
        </request>
        <request id="188" node="189">
            <quantity>10.0</quantity>
        </request>
        <request id="189" node="190">
            <quantity>30.0</quantity>
        </request>
        <request id="190" node="191">
            <quantity>30.0</quantity>
        </request>
        <request id="191" node="192">
            <quantity>10.0</quantity>
        </request>
        <request id="192" node="193">
            <quantity>10.0</quantity>
        </request>
        <request id="193" node="194">
            <quantity>30.0</quantity>
        </request>
        <request id="194" node="195">
            <quantity>30.0</quantity>
        </request>
        <request id="195" node="196">
            <quantity>10.0</quantity>
        </request>
        <request id="196" node="197">
            <quantity>10.0</quantity>
        </request>
        <request id="197" node="198">
            <quantity>30.0</quantity>
        </request>
        <request id="198" node="199">
            <quantity>30.0</quantity>
        </request>
        <request id="199" node="200">
            <quantity>10.0</quantity>
        </request>
        <request id="200" node="201">
            <quantity>10.0</quantity>
        </request>
        <request id="201" node="202">
            <quantity>30.0</quantity>
        </request>
        <request id="202" node="203">
            <quantity>30.0</quantity>
        </request>
        <request id="203" node="204">
            <quantity>10.0</quantity>
        </request>
        <request id="204" node="205">
            <quantity>10.0</quantity>
        </request>
        <request id="205" node="206">
            <quantity>30.0</quantity>
        </request>
        <request id="206" node="207">
            <quantity>30.0</quantity>
        </request>
        <request id="207" node="208">
            <quantity>10.0</quantity>
        </request>
        <request id="208" node="209">
            <quantity>10.0</quantity>
        </request>
        <request id="209" node="210">
            <quantity>30.0</quantity>
        </request>
        <request id="210" node="211">
            <quantity>30.0</quantity>
        </request>
        <request id="211" node="212">
            <quantity>10.0</quantity>
        </request>
        <request id="212" node="213">
            <quantity>10.0</quantity>
        </request>
        <request id="213" node="214">
            <quantity>30.0</quantity>
        </request>
        <request id="214" node="215">
            <quantity>30.0</quantity>
        </request>
        <request id="215" node="216">
            <quantity>10.0</quantity>
        </request>
        <request id="216" node="217">
            <quantity>10.0</quantity>
        </request>
        <request id="217" node="218">
            <quantity>30.0</quantity>
        </request>
        <request id="218" node="219">
            <quantity>30.0</quantity>
        </request>
        <request id="219" node="220">
            <quantity>10.0</quantity>
        </request>
        <request id="220" node="221">
            <quantity>10.0</quantity>
        </request>
        <request id="221" node="222">
            <quantity>30.0</quantity>
        </request>
        <request id="222" node="223">
            <quantity>30.0</quantity>
        </request>
        <request id="223" node="224">
            <quantity>10.0</quantity>
        </request>
        <request id="224" node="225">
            <quantity>10.0</quantity>
        </request>
        <request id="225" node="226">
            <quantity>30.0</quantity>
        </request>
        <request id="226" node="227">
            <quantity>30.0</quantity>
        </request>
        <request id="227" node="228">
            <quantity>10.0</quantity>
        </request>
        <request id="228" node="229">
            <quantity>10.0</quantity>
        </request>
        <request id="229" node="230">
            <quantity>30.0</quantity>
        </request>
        <request id="230" node="231">
            <quantity>30.0</quantity>
        </request>
        <request id="231" node="232">
            <quantity>10.0</quantity>
        </request>
        <request id="232" node="233">
            <quantity>10.0</quantity>
        </request>
        <request id="233" node="234">
            <quantity>30.0</quantity>
        </request>
        <request id="234" node="235">
            <quantity>30.0</quantity>
        </request>
        <request id="235" node="236">
            <quantity>10.0</quantity>
        </request>
        <request id="236" node="237">
            <quantity>10.0</quantity>
        </request>
        <request id="237" node="238">
            <quantity>30.0</quantity>
        </request>
        <request id="238" node="239">
            <quantity>30.0</quantity>
        </request>
        <request id="239" node="240">
            <quantity>10.0</quantity>
        </request>
        <request id="240" node="241">
            <quantity>10.0</quantity>
        </request>
        <request id="241" node="242">
            <quantity>30.0</quantity>
        </request>
        <request id="242" node="243">
            <quantity>30.0</quantity>
        </request>
        <request id="243" node="244">
            <quantity>10.0</quantity>
        </request>
        <request id="244" node="245">
            <quantity>10.0</quantity>
        </request>
        <request id="245" node="246">
            <quantity>30.0</quantity>
        </request>
        <request id="246" node="247">
            <quantity>30.0</quantity>
        </request>
        <request id="247" node="248">
            <quantity>10.0</quantity>
        </request>
        <request id="248" node="249">
            <quantity>10.0</quantity>
        </request>
        <request id="249" node="250">
            <quantity>30.0</quantity>
        </request>
        <request id="250" node="251">
            <quantity>30.0</quantity>
        </request>
        <request id="251" node="252">
            <quantity>10.0</quantity>
        </request>
        <request id="252" node="253">
            <quantity>10.0</quantity>
        </request>
        <request id="253" node="254">
            <quantity>30.0</quantity>
        </request>
        <request id="254" node="255">
            <quantity>30.0</quantity>
        </request>
        <request id="255" node="256">
            <quantity>10.0</quantity>
        </request>
        <request id="256" node="257">
            <quantity>10.0</quantity>
        </request>
        <request id="257" node="258">
            <quantity>30.0</quantity>
        </request>
        <request id="258" node="259">
            <quantity>30.0</quantity>
        </request>
        <request id="259" node="260">
            <quantity>10.0</quantity>
        </request>
        <request id="260" node="261">
            <quantity>10.0</quantity>
        </request>
        <request id="261" node="262">
            <quantity>30.0</quantity>
        </request>
        <request id="262" node="263">
            <quantity>30.0</quantity>
        </request>
        <request id="263" node="264">
            <quantity>10.0</quantity>
        </request>
        <request id="264" node="265">
            <quantity>10.0</quantity>
        </request>
        <request id="265" node="266">
            <quantity>30.0</quantity>
        </request>
        <request id="266" node="267">
            <quantity>30.0</quantity>
        </request>
        <request id="267" node="268">
            <quantity>10.0</quantity>
        </request>
        <request id="268" node="269">
            <quantity>10.0</quantity>
        </request>
        <request id="269" node="270">
            <quantity>30.0</quantity>
        </request>
        <request id="270" node="271">
            <quantity>30.0</quantity>
        </request>
        <request id="271" node="272">
            <quantity>10.0</quantity>
        </request>
        <request id="272" node="273">
            <quantity>10.0</quantity>
        </request>
        <request id="273" node="274">
            <quantity>30.0</quantity>
        </request>
        <request id="274" node="275">
            <quantity>30.0</quantity>
        </request>
        <request id="275" node="276">
            <quantity>10.0</quantity>
        </request>
        <request id="276" node="277">
            <quantity>10.0</quantity>
        </request>
        <request id="277" node="278">
            <quantity>30.0</quantity>
        </request>
        <request id="278" node="279">
            <quantity>30.0</quantity>
        </request>
        <request id="279" node="280">
            <quantity>10.0</quantity>
        </request>
        <request id="280" node="281">
            <quantity>10.0</quantity>
        </request>
        <request id="281" node="282">
            <quantity>30.0</quantity>
        </request>
        <request id="282" node="283">
            <quantity>30.0</quantity>
        </request>
        <request id="283" node="284">
            <quantity>10.0</quantity>
        </request>
        <request id="284" node="285">
            <quantity>10.0</quantity>
        </request>
        <request id="285" node="286">
            <quantity>30.0</quantity>
        </request>
        <request id="286" node="287">
            <quantity>30.0</quantity>
        </request>
        <request id="287" node="288">
            <quantity>10.0</quantity>
        </request>
        <request id="288" node="289">
            <quantity>10.0</quantity>
        </request>
        <request id="289" node="290">
            <quantity>30.0</quantity>
        </request>
        <request id="290" node="291">
            <quantity>30.0</quantity>
        </request>
        <request id="291" node="292">
            <quantity>10.0</quantity>
        </request>
        <request id="292" node="293">
            <quantity>10.0</quantity>
        </request>
        <request id="293" node="294">
            <quantity>30.0</quantity>
        </request>
        <request id="294" node="295">
            <quantity>30.0</quantity>
        </request>
        <request id="295" node="296">
            <quantity>10.0</quantity>
        </request>
        <request id="296" node="297">
            <quantity>10.0</quantity>
        </request>
        <request id="297" node="298">
            <quantity>30.0</quantity>
        </request>
        <request id="298" node="299">
            <quantity>30.0</quantity>
        </request>
        <request id="299" node="300">
            <quantity>10.0</quantity>
        </request>
        <request id="300" node="301">
            <quantity>10.0</quantity>
        </request>
        <request id="301" node="302">
            <quantity>30.0</quantity>
        </request>
        <request id="302" node="303">
            <quantity>30.0</quantity>
        </request>
        <request id="303" node="304">
            <quantity>10.0</quantity>
        </request>
        <request id="304" node="305">
            <quantity>10.0</quantity>
        </request>
        <request id="305" node="306">
            <quantity>30.0</quantity>
        </request>
        <request id="306" node="307">
            <quantity>30.0</quantity>
        </request>
        <request id="307" node="308">
            <quantity>10.0</quantity>
        </request>
        <request id="308" node="309">
            <quantity>10.0</quantity>
        </request>
        <request id="309" node="310">
            <quantity>30.0</quantity>
        </request>
        <request id="310" node="311">
            <quantity>30.0</quantity>
        </request>
        <request id="311" node="312">
            <quantity>10.0</quantity>
        </request>
        <request id="312" node="313">
            <quantity>10.0</quantity>
        </request>
        <request id="313" node="314">
            <quantity>30.0</quantity>
        </request>
        <request id="314" node="315">
            <quantity>30.0</quantity>
        </request>
        <request id="315" node="316">
            <quantity>10.0</quantity>
        </request>
        <request id="316" node="317">
            <quantity>10.0</quantity>
        </request>
        <request id="317" node="318">
            <quantity>30.0</quantity>
        </request>
        <request id="318" node="319">
            <quantity>30.0</quantity>
        </request>
        <request id="319" node="320">
            <quantity>10.0</quantity>
        </request>
        <request id="320" node="321">
            <quantity>10.0</quantity>
        </request>
        <request id="321" node="322">
            <quantity>30.0</quantity>
        </request>
        <request id="322" node="323">
            <quantity>30.0</quantity>
        </request>
        <request id="323" node="324">
            <quantity>10.0</quantity>
        </request>
        <request id="324" node="325">
            <quantity>10.0</quantity>
        </request>
        <request id="325" node="326">
            <quantity>30.0</quantity>
        </request>
        <request id="326" node="327">
            <quantity>30.0</quantity>
        </request>
        <request id="327" node="328">
            <quantity>10.0</quantity>
        </request>
        <request id="328" node="329">
            <quantity>10.0</quantity>
        </request>
        <request id="329" node="330">
            <quantity>30.0</quantity>
        </request>
        <request id="330" node="331">
            <quantity>30.0</quantity>
        </request>
        <request id="331" node="332">
            <quantity>10.0</quantity>
        </request>
        <request id="332" node="333">
            <quantity>10.0</quantity>
        </request>
        <request id="333" node="334">
            <quantity>30.0</quantity>
        </request>
        <request id="334" node="335">
            <quantity>30.0</quantity>
        </request>
        <request id="335" node="336">
            <quantity>10.0</quantity>
        </request>
        <request id="336" node="337">
            <quantity>10.0</quantity>
        </request>
        <request id="337" node="338">
            <quantity>30.0</quantity>
        </request>
        <request id="338" node="339">
            <quantity>30.0</quantity>
        </request>
        <request id="339" node="340">
            <quantity>10.0</quantity>
        </request>
        <request id="340" node="341">
            <quantity>10.0</quantity>
        </request>
        <request id="341" node="342">
            <quantity>30.0</quantity>
        </request>
        <request id="342" node="343">
            <quantity>30.0</quantity>
        </request>
        <request id="343" node="344">
            <quantity>10.0</quantity>
        </request>
        <request id="344" node="345">
            <quantity>10.0</quantity>
        </request>
        <request id="345" node="346">
            <quantity>30.0</quantity>
        </request>
        <request id="346" node="347">
            <quantity>30.0</quantity>
        </request>
        <request id="347" node="348">
            <quantity>10.0</quantity>
        </request>
        <request id="348" node="349">
            <quantity>10.0</quantity>
        </request>
        <request id="349" node="350">
            <quantity>30.0</quantity>
        </request>
        <request id="350" node="351">
            <quantity>30.0</quantity>
        </request>
        <request id="351" node="352">
            <quantity>10.0</quantity>
        </request>
        <request id="352" node="353">
            <quantity>10.0</quantity>
        </request>
        <request id="353" node="354">
            <quantity>30.0</quantity>
        </request>
        <request id="354" node="355">
            <quantity>30.0</quantity>
        </request>
        <request id="355" node="356">
            <quantity>10.0</quantity>
        </request>
        <request id="356" node="357">
            <quantity>10.0</quantity>
        </request>
        <request id="357" node="358">
            <quantity>30.0</quantity>
        </request>
        <request id="358" node="359">
            <quantity>30.0</quantity>
        </request>
        <request id="359" node="360">
            <quantity>10.0</quantity>
        </request>
        <request id="360" node="361">
            <quantity>10.0</quantity>
        </request>
        <request id="361" node="362">
            <quantity>30.0</quantity>
        </request>
        <request id="362" node="363">
            <quantity>30.0</quantity>
        </request>
        <request id="363" node="364">
            <quantity>10.0</quantity>
        </request>
        <request id="364" node="365">
            <quantity>10.0</quantity>
        </request>
        <request id="365" node="366">
            <quantity>30.0</quantity>
        </request>
        <request id="366" node="367">
            <quantity>30.0</quantity>
        </request>
        <request id="367" node="368">
            <quantity>10.0</quantity>
        </request>
        <request id="368" node="369">
            <quantity>10.0</quantity>
        </request>
        <request id="369" node="370">
            <quantity>30.0</quantity>
        </request>
        <request id="370" node="371">
            <quantity>30.0</quantity>
        </request>
        <request id="371" node="372">
            <quantity>10.0</quantity>
        </request>
        <request id="372" node="373">
            <quantity>10.0</quantity>
        </request>
        <request id="373" node="374">
            <quantity>30.0</quantity>
        </request>
        <request id="374" node="375">
            <quantity>30.0</quantity>
        </request>
        <request id="375" node="376">
            <quantity>10.0</quantity>
        </request>
        <request id="376" node="377">
            <quantity>10.0</quantity>
        </request>
        <request id="377" node="378">
            <quantity>30.0</quantity>
        </request>
        <request id="378" node="379">
            <quantity>30.0</quantity>
        </request>
        <request id="379" node="380">
            <quantity>10.0</quantity>
        </request>
        <request id="380" node="381">
            <quantity>10.0</quantity>
        </request>
        <request id="381" node="382">
            <quantity>30.0</quantity>
        </request>
        <request id="382" node="383">
            <quantity>30.0</quantity>
        </request>
        <request id="383" node="384">
            <quantity>10.0</quantity>
        </request>
        <request id="384" node="385">
            <quantity>10.0</quantity>
        </request>
        <request id="385" node="386">
            <quantity>30.0</quantity>
        </request>
        <request id="386" node="387">
            <quantity>30.0</quantity>
        </request>
        <request id="387" node="388">
            <quantity>10.0</quantity>
        </request>
        <request id="388" node="389">
            <quantity>10.0</quantity>
        </request>
        <request id="389" node="390">
            <quantity>30.0</quantity>
        </request>
        <request id="390" node="391">
            <quantity>30.0</quantity>
        </request>
        <request id="391" node="392">
            <quantity>10.0</quantity>
        </request>
        <request id="392" node="393">
            <quantity>10.0</quantity>
        </request>
        <request id="393" node="394">
            <quantity>30.0</quantity>
        </request>
        <request id="394" node="395">
            <quantity>30.0</quantity>
        </request>
        <request id="395" node="396">
            <quantity>10.0</quantity>
        </request>
        <request id="396" node="397">
            <quantity>10.0</quantity>
        </request>
        <request id="397" node="398">
            <quantity>30.0</quantity>
        </request>
        <request id="398" node="399">
            <quantity>30.0</quantity>
        </request>
        <request id="399" node="400">
            <quantity>10.0</quantity>
        </request>
        <request id="400" node="401">
            <quantity>10.0</quantity>
        </request>
        <request id="401" node="402">
            <quantity>30.0</quantity>
        </request>
        <request id="402" node="403">
            <quantity>30.0</quantity>
        </request>
        <request id="403" node="404">
            <quantity>10.0</quantity>
        </request>
        <request id="404" node="405">
            <quantity>10.0</quantity>
        </request>
        <request id="405" node="406">
            <quantity>30.0</quantity>
        </request>
        <request id="406" node="407">
            <quantity>30.0</quantity>
        </request>
        <request id="407" node="408">
            <quantity>10.0</quantity>
        </request>
        <request id="408" node="409">
            <quantity>10.0</quantity>
        </request>
        <request id="409" node="410">
            <quantity>30.0</quantity>
        </request>
        <request id="410" node="411">
            <quantity>30.0</quantity>
        </request>
        <request id="411" node="412">
            <quantity>10.0</quantity>
        </request>
        <request id="412" node="413">
            <quantity>10.0</quantity>
        </request>
        <request id="413" node="414">
            <quantity>30.0</quantity>
        </request>
        <request id="414" node="415">
            <quantity>30.0</quantity>
        </request>
        <request id="415" node="416">
            <quantity>10.0</quantity>
        </request>
        <request id="416" node="417">
            <quantity>10.0</quantity>
        </request>
        <request id="417" node="418">
            <quantity>30.0</quantity>
        </request>
        <request id="418" node="419">
            <quantity>30.0</quantity>
        </request>
        <request id="419" node="420">
            <quantity>10.0</quantity>
        </request>
        <request id="420" node="421">
            <quantity>10.0</quantity>
        </request>
        <request id="421" node="422">
            <quantity>30.0</quantity>
        </request>
        <request id="422" node="423">
            <quantity>30.0</quantity>
        </request>
        <request id="423" node="424">
            <quantity>10.0</quantity>
        </request>
        <request id="424" node="425">
            <quantity>10.0</quantity>
        </request>
        <request id="425" node="426">
            <quantity>30.0</quantity>
        </request>
        <request id="426" node="427">
            <quantity>30.0</quantity>
        </request>
        <request id="427" node="428">
            <quantity>10.0</quantity>
        </request>
        <request id="428" node="429">
            <quantity>10.0</quantity>
        </request>
        <request id="429" node="430">
            <quantity>30.0</quantity>
        </request>
        <request id="430" node="431">
            <quantity>30.0</quantity>
        </request>
        <request id="431" node="432">
            <quantity>10.0</quantity>
        </request>
        <request id="432" node="433">
            <quantity>10.0</quantity>
        </request>
        <request id="433" node="434">
            <quantity>30.0</quantity>
        </request>
        <request id="434" node="435">
            <quantity>30.0</quantity>
        </request>
        <request id="435" node="436">
            <quantity>10.0</quantity>
        </request>
        <request id="436" node="437">
            <quantity>10.0</quantity>
        </request>
        <request id="437" node="438">
            <quantity>30.0</quantity>
        </request>
        <request id="438" node="439">
            <quantity>30.0</quantity>
        </request>
        <request id="439" node="440">
            <quantity>10.0</quantity>
        </request>
    </requests>
</instance>
